Date,Close,High,Low,Open,Volume,MA5,MA20,RSI14,Return,Target_Up
2024-05-28,838.0906372070312,845.8417644875587,838.0906372070312,840.0284190271631,25329216,,,,,0
2024-05-29,830.33935546875,840.997153496937,829.3704647389148,834.2149183880907,33436835,,,,-0.009248739210490076,0
2024-05-30,811.9305419921875,821.6194506078461,811.9305419921875,814.8372145768851,38065102,,,,-0.022170228780942436,0
2024-05-31,795.4594116210938,819.6816835949395,795.4594116210938,811.9305565633089,77438401,,,,-0.020286378599183474,1
2024-06-03,819.6815795898438,826.4638148819583,810.9615627856965,812.8993442977292,28345488,819.1003051757813,,,0.030450539166274826,0
2024-06-04,812.8994140625,824.5261041325239,810.9616323841627,817.7438682583432,28223635,814.062060546875,,,-0.00827414656644776,1
2024-06-05,827.4328002929688,830.3394728935295,809.0238738227505,814.8372190238721,31975446,813.4807495117187,,,0.017878455783154612,1
2024-06-06,866.1883544921875,871.0328083763719,857.4683375006554,865.2194637153506,62925136,824.3323120117187,,,0.04683831023558227,0
2024-06-07,851.6550903320312,860.3751083217791,851.6550903320312,857.4684356585298,41075399,835.5714477539062,,,-0.016778410936587274,1
2024-06-11,855.5306396484375,867.1573301079859,855.5306396484375,864.2506574930989,48228488,842.741259765625,,,0.004550608997000438,1
2024-06-12,880.7216796875,885.5661333711496,860.3749742161716,860.3749742161716,48106925,856.305712890625,,,0.02944493028258366,1
2024-06-13,893.8521118164062,909.4142813366049,886.071027056307,897.7426541964559,55857091,869.5895751953125,,,0.014908719101322854,1
2024-06-14,896.77001953125,896.77001953125,880.2352143988951,890.9342059551248,38408123,875.705908203125,,,0.0032644188857082757,0
2024-06-17,895.79736328125,899.6879055756311,888.0162786924877,888.0162786924877,26292426,884.5343627929688,,,-0.0010846217300043426,1
2024-06-18,917.1953735351562,924.0038227554596,914.2774667264548,918.1680091380567,37876013,896.8673095703125,,68.92970816702343,0.02388711011107092,1
2024-06-19,954.155517578125,957.0734243597094,926.9217209500032,926.9217209500032,72228052,911.5540771484375,,75.99517259089579,0.0402969150405903,0
2024-06-20,954.155517578125,954.155517578125,944.4291616395101,944.4291616395101,48225374,923.6147583007812,,82.36160227715875,0.0,0
2024-06-21,943.4564819335938,951.237566320675,933.7301264497423,934.7027619981275,88376132,932.95205078125,,84.58339062089063,-0.011213094141810265,0
2024-06-24,914.2774047851562,933.7301155252659,914.2774047851562,931.7848444512549,66391994,936.6480590820313,,71.6043011831878,-0.030927846389518288,1
2024-06-25,919.1406860351562,919.1406860351562,897.7427018099992,899.6879731031952,57368432,937.0371215820312,873.9364990234375,74.47850234609606,0.0053192622113884536,1
2024-06-26,933.730224609375,933.730224609375,924.9765037536621,924.9765037536621,44967166,932.9520629882812,878.7184783935547,74.48510446375423,0.015873020089180123,0
2024-06-27,933.730224609375,934.7028602600097,923.0312324523926,924.9765037536621,39729446,928.8670043945312,883.8880218505859,68.93945773131651,0.0,1
2024-06-28,939.5659790039062,944.429156949061,928.8669875245656,929.8396231135966,39138210,928.0889038085937,890.2697937011719,75.91522636410417,0.006249936267161749,1
2024-07-01,941.5112915039062,950.2650121893764,938.5933846087495,941.5112915039062,19935737,933.5356811523437,897.5723876953125,75.63797976562486,0.002070437354556365,0
2024-07-02,933.730224609375,944.4292167663574,932.7575889587403,940.5386741638184,25427569,936.4535888671875,903.2748199462891,67.63750680324605,-0.008264443522607468,1
2024-07-03,952.2102661132812,952.2102661132812,940.5386387451921,949.292359271259,24070411,940.1495971679688,910.2403625488281,68.74999019495566,0.01979162826354619,1
2024-07-04,977.498779296875,982.3619573033271,969.7176944865516,972.6356012904229,41893299,948.9033081054688,917.7436614990235,72.67758213692483,0.026557698528935303,0
2024-07-05,977.498779296875,982.3619573033271,972.6356012904229,977.498779296875,19998094,956.4898681640625,923.3091827392578,73.0769177724174,0.0,1
2024-07-08,1006.6778564453125,1021.2673905966938,972.6356100920893,977.4987881425498,40146763,969.5231811523438,931.0603210449219,74.21051814582117,0.029850755588080036,1
2024-07-09,1011.541015625,1026.1305495042068,996.9514817457932,1001.8146597055288,46373121,985.0853393554687,938.86083984375,68.78979975218833,0.004830899128803523,1
2024-07-10,1016.4041137695312,1021.2672913473759,987.2250483024634,992.0882258803081,46206302,997.9241088867187,945.6449615478516,69.75306179130044,0.004807613403126743,1
2024-07-11,1050.4464111328125,1050.4464111328125,1026.1305219862195,1035.8568776448567,41724336,1012.5136352539063,953.4746765136719,79.56989682638486,0.03349287640821208,0
2024-07-12,1011.541015625,1016.4041935847356,996.9514817457932,1001.8146597055288,68983062,1019.3220825195312,959.2132263183594,75.51022303017652,-0.03703701121302938,0
2024-07-15,1011.541015625,1016.4041935847356,996.9514817457932,1011.541015625,38393309,1020.2947143554687,965.0004089355468,74.86911528007441,0.0,1
2024-07-16,1026.130615234375,1040.720150048134,1006.6779021493631,1011.5410804206161,32125609,1023.2126342773438,970.4471710205078,74.86912353673641,0.014423141903307402,0
2024-07-17,1001.814697265625,1016.4042316918234,992.0883409814927,1006.6778754076911,54022399,1020.2947509765625,972.8301300048828,66.20370343470356,-0.02369670839924809,0
2024-07-18,977.498779296875,977.498779296875,959.018702872357,960.9639740749378,81990095,1005.705224609375,973.9972930908203,58.297873817619305,-0.024271871869237294,0
2024-07-19,943.4564819335938,967.7723706432224,943.4564819335938,960.9639218045264,92507621,992.0883178710938,973.9972930908203,50.37311877657315,-0.0348259231461836,0
2024-07-22,913.3048706054688,938.5933973740973,912.3322349605215,937.62076172915,83062356,972.4410888671875,973.9486663818359,46.39175102112727,-0.03195866678061288,1
2024-07-23,952.2102661132812,952.2102661132812,929.8396469911103,936.6480962891623,47213266,957.6570190429687,975.6021453857422,50.0,0.04259847588683119,0
2024-07-26,898.7152709960938,904.5510844441204,889.9615508240539,889.9615508240539,82081735,937.0371337890625,973.8513977050782,38.1231642412553,-0.0561798134518573,1
2024-07-29,918.1680297851562,922.0585722842459,910.386944786977,916.2227585356114,40809258,925.1709838867188,973.0732879638672,41.551251352608084,0.021645074270855602,0
2024-07-30,914.2774047851562,923.0311246182056,900.6605072670794,904.5510494151014,41761392,919.3351684570313,971.8088592529297,35.82089104906689,-0.004237377989419144,0
2024-07-31,908.441650390625,914.2774639905648,902.6058367906852,903.5784723906752,39894991,918.3625244140625,970.1553771972656,34.22619670161872,-0.006382914380239524,1
2024-08-01,933.730224609375,942.4839454650879,922.0585968017579,942.4839454650879,47382270,914.6665161132812,970.1553771972656,38.09526571729652,0.027837312619777066,0
2024-08-02,878.2899780273438,902.6058688918881,878.2899780273438,892.8795125460704,76144485,910.5814575195312,966.4593627929687,26.64909822954064,-0.05937501552466573,0
2024-08-05,792.6980590820312,833.548756605277,790.7527877714004,828.6855783287001,144057989,885.4874633789062,957.2193267822265,23.653415643194222,-0.09745291542270995,1
2024-08-06,855.9193725585938,870.5089073181152,817.0139465332031,844.2477447509766,102930842,873.8158569335938,951.1403564453125,33.739850101060554,0.07975459603089563,1
2024-08-07,894.8248291015625,894.8248291015625,868.5636656387992,876.3447511092476,59158704,871.0924926757813,945.547705078125,36.94391375380216,0.045454581109280134,0
2024-08-08,871.4815673828125,880.2352884837559,862.727846281869,876.3447457722255,38236391,858.6427612304688,938.5447326660156,37.015511983503444,-0.026086962452961382,1
2024-08-09,908.441650390625,908.441650390625,896.7700231907454,901.6332011906952,49494621,864.673095703125,933.1466094970704,43.28922560304514,0.042410630805203464,1
2024-08-12,914.2774047851562,922.0584890812,905.5236849521068,916.2226758591672,38331663,888.98896484375,926.3381591796875,46.99999874495314,0.006423917696884551,1
2024-08-13,915.2501831054688,919.1407258604336,911.3596403505039,919.1407258604336,25764381,900.855126953125,921.5236175537109,50.21277038902694,0.0010639859578953637,1
2024-08-14,922.0585327148438,928.8669817960715,919.1406259657462,924.9764394639413,36780856,906.3018676757813,917.0494934082031,46.45308668177508,0.007438785301603579,0
2024-08-15,917.1953735351562,924.0038227554596,915.2501023293553,919.1406447409572,19476402,915.44462890625,911.6027313232422,52.454783462313415,-0.005274241284193515,1
2024-08-16,942.4839477539062,942.4839477539062,931.7849555709414,936.6481338359255,44062316,922.2530883789062,908.6361938476563,53.18066474673289,0.02757163298946863,1
2024-08-19,946.3744506835938,948.3197219080204,937.6207301736736,942.4839082347403,21348863,928.6724975585937,907.0799774169922,54.19848327737783,0.004127924872311395,0
2024-08-20,946.3744506835938,950.2649931324471,941.5112726225269,950.2649931324471,24039959,934.8973510742187,907.2258758544922,55.03876132399972,0.0,0
2024-08-21,931.784912109375,937.620725755154,929.8396408941154,934.7028189322646,29758188,936.842626953125,908.1498779296875,49.734036871675464,-0.015416243077653102,0
2024-08-22,924.9765014648438,937.6207648918079,922.0585945201597,931.7849510024398,24349754,938.3988525390625,906.7881896972656,57.361967913911464,-0.007306847917421644,0
2024-08-23,923.03125,925.9491570073761,913.304893308746,918.168071654373,27592153,934.5083129882812,908.0039886474609,77.91668420682447,-0.002103027981535943,1
2024-08-26,924.0037841796875,934.702775364926,919.1406063682155,930.8122331157483,25057581,930.0341796875,908.2957763671875,69.88636464928354,0.0010536308274367023,0
2024-08-27,916.2227172851562,920.1132596090847,914.2774461231919,919.1406240281026,18693037,924.0038330078125,908.3930419921875,57.63886921822209,-0.008421033579899428,1
2024-08-28,937.6207275390625,937.6207275390625,917.1953797399751,919.1406509589358,31059233,925.17099609375,909.8519958496094,73.94368188929054,0.023354594740141676,0
2024-08-29,917.1953735351562,921.0859159467582,911.3595599177534,916.2227379322558,43530708,923.6147705078125,909.0252532958984,53.60000602423247,-0.02178423898276638,1
2024-08-30,918.1680297851562,925.9491147833355,915.250122910839,918.1680297851562,63834981,922.6421264648437,911.019155883789,51.666703272222975,0.0010604678981873672,1
2024-09-02,922.0585327148438,928.8669817960715,917.1953547996811,924.0038038809088,18646835,922.253076171875,917.4871795654296,52.84549319875393,0.00423724503955758,0
2024-09-03,914.2774047851562,925.949031229222,913.3047692481507,922.0584890812,19547575,921.864013671875,920.4050811767578,46.774172326191035,-0.008438865488048064,0
2024-09-04,864.6730346679688,880.2352040208232,863.7003990834154,869.5362125907358,79709021,907.2744750976562,918.8974914550781,34.11762751655556,-0.054255272915602615,1
2024-09-05,877.3173828125,889.9616466446092,875.372111453714,882.180561209465,30512026,899.298876953125,919.1892822265625,28.66241096256161,0.014623271037226937,1
2024-09-06,892.8795166015625,892.8795166015625,878.2899820165696,884.1257958505668,24458336,894.2411743164063,918.4111755371093,33.727806915757725,0.017738316935170584,0
2024-09-09,874.3994140625,875.3720496732481,866.6183291765155,867.5909647872636,35885268,884.7093505859375,916.4172760009766,30.31913917106128,-0.02069719620111865,1
2024-09-10,879.2626342773438,886.0710838790488,876.3447273051844,882.1805412495031,33498628,877.706396484375,914.6178985595703,34.83146938866163,0.005561783478615245,0
2024-09-11,876.3447265625,881.2079048453107,875.3720909059379,881.2079048453107,18029342,880.0407348632813,912.3322082519531,35.63218473711639,-0.0033185849154637737,1
2024-09-12,918.3546142578125,922.2625062333776,906.630938331117,914.4467222822474,39454846,888.2481811523437,912.390170288086,48.88280847212081,0.04793762822091496,1
2024-09-13,925.1935424804688,933.0093274222256,917.3777575387119,933.0093274222256,25347586,894.710986328125,911.5256500244141,50.276469865734896,0.007446936201418453,0
2024-09-16,925.1935424804688,930.0784080690668,921.2856500095903,930.0784080690668,13626239,904.8698120117188,910.4666046142578,52.16280628891059,0.0,0
2024-09-18,919.3316650390625,926.1704765749535,911.5158804266156,923.2395573452859,28424324,912.8836181640625,909.1144653320313,45.233559528013465,-0.006335839121499265,1
2024-09-19,937.8941650390625,937.8941650390625,914.446810913086,918.3547032674154,32739630,925.193505859375,909.4199279785156,55.4473496276169,0.02019129842461287,1
2024-09-20,950.5947875976562,959.3875451396694,948.6408414772088,958.4105720794458,60133709,931.6415405273438,910.7008422851562,58.037664829013536,0.013541637246527571,1
2024-09-23,954.5026245117188,954.5026245117188,948.6407864901524,948.6407864901524,14497067,937.5033569335938,912.2744110107421,58.04127042524198,0.004110938714421586,1
2024-09-24,964.2723999023438,964.2723999023438,948.6408311096006,953.5256963573329,26785975,945.3191284179687,914.287841796875,62.27030570380663,0.010235462050848465,1
2024-09-25,981.85791015625,981.85791015625,975.0190988417289,976.9730449315921,39405222,957.8243774414062,917.5696014404297,84.12396661606016,0.01823707725709789,1
2024-09-26,991.6275634765625,991.6275634765625,981.8578337871382,986.7426986318504,38321585,968.5710571289062,920.2699432373047,83.85364284139098,0.009950170202079223,0
2024-09-27,976.9730224609375,1001.397348022461,976.9730224609375,996.5124829101563,35783779,973.8467041015625,923.2588256835937,75.03940041581251,-0.014778271152777744,0
2024-09-30,934.9630737304688,967.2031797211746,934.9630737304688,955.4795048154633,61603217,969.9387939453125,924.0985778808594,65.81691322204841,-0.04300011132820036,1
2024-10-01,949.6177978515625,954.5026630668483,944.7329326362767,944.7329326362767,26760355,967.0078735351562,925.4765411376953,67.48008978589866,0.01567412075711383,1
2024-10-04,954.5026245117188,963.2953815440683,944.7328944757749,963.2953815440683,40934818,961.53681640625,927.4878021240235,69.23075998910315,0.005143992321129387,1
2024-10-07,981.85791015625,986.742775380908,966.2263414373446,970.134233617071,39667071,959.5828857421875,933.3470458984375,66.83937018782883,0.028659204220129908,1
2024-10-08,986.7427368164062,986.7427368164062,974.0420877286704,976.9730067489171,30845902,961.5368286132813,938.8183135986328,66.49211097685986,0.004975085101039722,1
2024-10-09,996.512451171875,1011.1670460420496,996.512451171875,1006.2821810853247,46975717,973.8467041015625,943.9999603271484,68.15916686791905,0.009900974175892419,1
2024-10-11,1020.936767578125,1025.8216324947666,996.5124429949162,1001.397307911558,43058754,988.110498046875,951.3268280029297,73.63634040233084,0.02450979551487542,0
2024-10-14,1020.936767578125,1030.7064974114085,1011.1670377448414,1020.936767578125,36858874,1001.3973266601563,958.4105346679687,71.14425154599186,0.0,1
2024-10-15,1045.3612060546875,1050.246071503541,1025.8217442592727,1025.8217442592727,42850176,1014.0979858398438,966.8613586425781,72.76994575347528,0.02392355653377276,0
2024-10-16,1020.936767578125,1045.3610921613338,1011.1670377448414,1016.0519026614833,52652149,1020.9367919921875,971.9904663085938,64.52988977138114,-0.023364592386915795,0
2024-10-17,1011.1670532226562,1030.7065131883114,1006.2821882312425,1025.8216481968975,54173771,1023.8677124023437,976.2891418457032,60.25638766566869,-0.00956936283002574,1
2024-10-18,1060.0157470703125,1074.6703426519298,1050.2460166825676,1069.7854774580574,85011961,1031.6835083007813,983.0302520751953,65.03757579629263,0.048309222192289836,0
2024-10-21,1060.0157470703125,1069.7854774580574,1055.13088187644,1064.900612264185,36491060,1039.4993041992188,990.0644561767579,63.67186889905821,0.0,0
2024-10-22,1050.2459716796875,1050.2459716796875,1035.5913767260174,1040.4762417105742,41197877,1040.4762573242188,995.6820465087891,64.94020453513656,-0.009216632316667805,0
2024-10-23,1035.591552734375,1045.3612843639446,1030.7066869195903,1035.591552734375,31423466,1043.4072143554688,999.931884765625,73.09420947397999,-0.013953320784344747,0
2024-10-24,1035.591552734375,1050.2461501787293,1030.7066869195903,1045.3612843639446,38236996,1048.2921142578125,1003.9863311767579,71.15387156845077,0.0,1
2024-10-25,1040.476318359375,1045.3611837037852,1035.5914530149648,1040.476318359375,22009575,1044.384228515625,1007.7965270996094,71.15386290438605,0.004716884385646214,0
2024-10-28,1025.8216552734375,1055.130845424107,1025.8216552734375,1050.2459803989955,40142324,1037.54541015625,1009.9947143554688,61.53844921622702,-0.014084571486494779,0
2024-10-29,1016.0519409179688,1016.0519409179688,996.5124805157001,1011.1670758174016,45415773,1030.7066040039062,1011.215933227539,57.50000156184305,-0.00952379422411842,0
2024-10-30,1006.2822265625,1030.7065524499394,1006.2822265625,1016.0519569174758,38201984,1024.8447387695312,1012.6813934326171,52.500010932901354,-0.009615369020054332,0
2024-11-01,1001.3973388671875,1006.2822039348323,973.0651214748475,973.0651214748475,54480255,1018.0058959960937,1016.0031066894531,44.44445601364982,-0.004854391309284556,1
2024-11-04,1016.0519409179688,1020.9368060185359,1001.3973456162672,1006.2822107168344,26747978,1013.1210205078125,1019.3248138427734,48.71795939721522,0.014634153179754694,1
2024-11-05,1025.8216552734375,1030.706520298549,1006.2821951729911,1006.2821951729911,32385622,1013.1210205078125,1022.8907653808594,44.444417449613184,0.009615369020054443,1
2024-11-06,1035.591552734375,1055.1310159935142,1016.0520894752359,1025.8218211048054,55349259,1017.0289428710937,1025.5774475097655,54.5455130607964,0.00952397272051475,1
2024-11-07,1040.476318359375,1050.2460490481953,1025.8217223261445,1025.8217223261445,43975446,1023.8677612304688,1028.264126586914,59.375028064387024,0.004716884385646214,1
2024-11-08,1064.900634765625,1064.900634765625,1055.130904171445,1060.015769468535,37099479,1036.5684204101562,1031.6835357666016,51.851862135604236,0.023474168489257208,0
2024-11-11,1060.0157470703125,1064.900612264185,1045.3611514886952,1055.13088187644,34690205,1045.361181640625,1033.637484741211,50.0,-0.004587176996459941,0
2024-11-12,1025.8216552734375,1040.4762503487723,1025.8216552734375,1035.5913853236607,51099848,1045.361181640625,1033.8817291259766,42.4242401295214,-0.03225809794937584,0
2024-11-13,1011.1670532226562,1025.8216481968975,1011.1670532226562,1020.9367832054838,42331232,1040.4762817382812,1032.172021484375,42.42419194043719,-0.014285721085577019,0
2024-11-14,1011.1670532226562,1016.05191821407,1001.3973232398287,1006.2821882312425,44627940,1034.6144287109375,1031.6835357666016,42.42419194043719,0.0,0
2024-11-15,1011.1670532226562,1020.9367832054838,1006.2821882312425,1016.05191821407,34791611,1023.8677124023437,1031.6835357666016,40.62498657792282,0.0,0
2024-11-18,1001.3973388671875,1011.1670690024771,996.5124737995426,1006.2822039348323,31815076,1012.1440307617188,1028.7526153564454,41.93549167205419,-0.009661820294017742,1
2024-11-19,1016.0519409179688,1020.9368060185359,1001.3973456162672,1006.2822107168344,24349599,1010.190087890625,1026.554425048828,50.0,0.014634153179754694,0
2024-11-20,1001.3973388671875,1001.3973388671875,1001.3973388671875,1001.3973388671875,40203197,1008.2361450195312,1024.111993408203,48.484842748054604,-0.014423083565532346,0
2024-11-21,986.7427368164062,1001.39733191764,986.7427368164062,996.5124668838954,41429227,1003.3512817382813,1021.6695526123046,45.7142867342644,-0.014634153179754805,1
2024-11-22,1016.0519409179688,1025.821671119103,1011.1670758174016,1011.1670758174016,25187973,1004.3282592773437,1020.6925720214844,50.0,0.029702984382864228,0
2024-11-25,1006.2822265625,1025.8216872724515,1006.2822265625,1020.9368220949636,49566674,1005.3052368164062,1018.9828674316407,44.73685421927609,-0.009615369020054332,0
2024-11-26,986.7427368164062,996.5124668838954,986.7427368164062,991.6276018501509,27312402,999.4433959960937,1017.028921508789,37.499957049302715,-0.019417504583024825,0
2024-11-27,976.9730224609375,996.5124829101563,976.9730224609375,986.7427526855469,31276090,994.5585327148438,1015.0749755859375,34.146334773784204,-0.00990097417589253,1
2024-11-28,981.85791015625,981.85791015625,969.1572605721393,981.85791015625,33689956,993.5815673828125,1013.853759765625,27.027035241246423,0.005000023115282914,0
2024-11-29,973.065185546875,986.7428086368913,971.1112393911584,972.0882124690166,40094983,984.9842163085938,1012.4371520996094,26.45504272012566,-0.008955190479624231,1
2024-12-02,1011.1670532226562,1016.05191821407,991.6275932570011,996.5124582484149,31168404,985.961181640625,1012.1929077148437,46.113986450639096,0.03915654186555595,1
2024-12-03,1030.7066650390625,1040.4763964612337,1030.7066650390625,1035.5915307501482,43414538,994.7539672851562,1012.437158203125,55.05054218032627,0.019323821671337393,1
2024-12-04,1045.3612060546875,1045.3612060546875,1030.7066097081265,1040.4763406058337,33466290,1008.4316040039063,1012.9256408691406,58.215984886636576,0.014217955032889584,1
2024-12-05,1050.2459716796875,1055.1308366642443,1045.3611066951307,1045.3611066951307,31425359,1022.1092163085938,1013.4141235351562,59.1743146872085,0.004672801704049823,0
2024-12-06,1040.476318359375,1055.1309143926057,1035.5914530149648,1050.2460490481953,30765288,1035.5914428710937,1012.1929077148437,59.17433164520397,-0.00930225259963402,1
2024-12-09,1050.2459716796875,1050.2459716796875,1040.4762417105742,1045.3611066951307,22247131,1043.4072265625,1011.7044189453125,58.21596519534503,0.009389597002762429,0
2024-12-10,1040.476318359375,1050.2460490481953,1035.5914530149648,1045.3611837037852,28506584,1045.3611572265625,1012.4371520996094,59.61541349566918,-0.00930225259963402,0
2024-12-11,1020.936767578125,1035.5913623280503,1020.936767578125,1020.936767578125,25264194,1040.47626953125,1012.9256378173828,58.21596519534503,-0.01877942864865967,1
2024-12-12,1039.5701904296875,1044.4738234034126,1034.6665574559627,1039.5701904296875,22791260,1038.34111328125,1014.3457946777344,55.956422550878536,0.018251299633144535,1
2024-12-13,1044.473876953125,1049.3775101782571,1034.666610502861,1039.570243727993,20423659,1039.140625,1016.0111358642578,59.917167280758925,0.00471703264347223,1
2024-12-16,1064.0885009765625,1064.0885009765625,1054.281233686456,1064.0885009765625,39722392,1041.909130859375,1019.1456939697266,70.0764221300035,0.018779429965884997,0
2024-12-17,1054.28125,1073.895784883721,1054.28125,1068.9921511627908,37880707,1044.6701171875,1021.0571594238281,70.06276931342776,-0.00921657453074809,1
2024-12-18,1064.0885009765625,1068.9921346216158,1049.3776000414027,1054.281233686456,41863190,1053.3004638671875,1024.191717529297,70.80857236586449,0.009302309963837851,0
2024-12-19,1049.3775634765625,1049.3775634765625,1034.666663053994,1044.473930002373,42702851,1055.2619384765626,1027.3234588623047,68.7493739221714,-0.013824919155219773,0
2024-12-20,1015.0521240234375,1039.5702912703805,1015.0521240234375,1039.5702912703805,52030520,1049.377587890625,1027.2734680175781,50.97258048201659,-0.032710285266063455,1
2024-12-23,1059.184814453125,1059.184814453125,1039.5702808521412,1044.4739142523872,30728473,1048.3968505859375,1029.9185974121094,56.34757340197154,0.04347825041216158,0
2024-12-24,1059.184814453125,1073.8957146538628,1059.184814453125,1073.8957146538628,26461906,1049.3775634765625,1033.5407012939454,53.29653791180161,0.0,1
2024-12-25,1064.0885009765625,1068.9921346216158,1059.1848673315092,1068.9921346216158,15481622,1049.3775634765625,1037.8964752197267,53.30075214232489,0.004629679784419194,0
2024-12-26,1064.0885009765625,1068.9921346216158,1064.0885009765625,1064.0885009765625,14374900,1052.3197509765625,1042.008004760742,55.90547142472464,0.0,1
2024-12-27,1068.9920654296875,1073.8956987573467,1059.1847987743693,1059.1847987743693,24948385,1063.1077392578125,1046.8043487548828,54.80541522933116,0.0046082299062764065,0
2024-12-30,1068.9920654296875,1073.8956987573467,1064.0884321020285,1068.9920654296875,23954634,1065.069189453125,1049.6955993652343,57.695224303628,0.0,0
2024-12-31,1054.28125,1064.0885174418604,1054.28125,1059.1848837209302,28397820,1064.0884765625,1050.8743286132812,59.239085582239824,-0.013761388793633755,0
2025-01-02,1044.473876953125,1054.281143403389,1034.666610502861,1049.3775101782571,43177098,1060.1655517578124,1050.8299621582032,51.428585653615905,-0.009302425749177501,1
2025-01-03,1054.28125,1064.0885174418604,1054.28125,1059.1848837209302,30415096,1058.2041015625,1051.0317260742188,52.77780466925102,0.009389773419211211,1
2025-01-06,1103.3175048828125,1103.3175048828125,1073.8957047526042,1078.799338107639,69289786,1065.069189453125,1054.1737854003907,59.52379258922073,0.0465115498191897,1
2025-01-07,1108.2210693359375,1137.6428676368917,1108.2210693359375,1127.8356015365734,48758688,1072.914990234375,1057.0725402832031,63.414598604851385,0.004444381994687774,0
2025-01-08,1083.7030029296875,1108.2211704167846,1083.7030029296875,1088.6066364271069,45211419,1078.7993408203124,1059.2338745117188,54.545449402094704,-0.02212380461322716,0
2025-01-09,1078.79931640625,1093.5102161754262,1078.79931640625,1078.79931640625,27263215,1085.6644287109375,1062.127001953125,57.14284867555773,-0.004524935808224995,0
2025-01-10,1078.79931640625,1088.606582919034,1078.79931640625,1078.79931640625,22021522,1090.5680419921875,1064.0884582519532,68.57142653927647,0.0,0
2025-01-13,1054.28125,1093.5103197674418,1049.3776162790698,1088.6066860465116,56690300,1080.760791015625,1064.5788269042969,48.3871174975066,-0.0227271801468375,1
2025-01-14,1068.9920654296875,1068.9920654296875,1054.2811654467102,1064.0884321020285,28695247,1072.914990234375,1064.8240051269531,52.94117647058823,0.013953407053087119,0
2025-01-15,1044.473876953125,1064.0884098536533,1044.473876953125,1064.0884098536533,35489482,1065.0691650390625,1064.3336364746094,44.73680935014501,-0.02293580024535291,1
2025-01-16,1083.7030029296875,1093.5102699245263,1068.9921024374294,1073.8957359348487,47542962,1066.04990234375,1065.3143615722656,54.34782373403815,0.037558743059232125,1
2025-01-17,1098.413818359375,1103.3174514770508,1073.895652770996,1103.3174514770508,59214050,1069.972802734375,1067.7661743164062,56.24999675860979,0.013574582140972513,0
2025-01-20,1098.413818359375,1113.1247177124023,1098.413818359375,1103.3174514770508,29834528,1078.79931640625,1071.934259033203,56.24999675860979,0.0,0
2025-01-21,1098.413818359375,1103.3174514770508,1088.6065521240234,1093.5101852416992,21904213,1084.6836669921875,1073.8957092285157,59.999977872116325,0.0,1
2025-01-22,1113.124755859375,1127.8356557165473,1113.124755859375,1118.028389145099,42960405,1098.4138427734374,1076.592706298828,65.21741012769476,0.0133928918720021,0
2025-02-03,1049.3775634765625,1054.281196950752,1039.5702965281835,1044.473930002373,97946226,1091.5487548828125,1075.857159423828,49.12279629072388,-0.05726868623418335,1
2025-02-04,1073.8956298828125,1078.799262895976,1059.1847308433219,1064.0883638564856,53308108,1086.6451171875,1076.3475158691406,44.230745294336735,0.02336438976741806,1
2025-02-05,1088.6065673828125,1098.4138337556305,1083.7029341964035,1088.6065673828125,40385340,1084.6836669921875,1077.3282409667968,46.296298003695355,0.01369866595099678,1
2025-02-06,1093.51025390625,1098.4138873318386,1083.7029870550728,1098.4138873318386,29971252,1083.7029541015625,1078.554150390625,51.9999980084908,0.004504553500193076,1
2025-02-07,1103.3175048828125,1103.3175048828125,1083.7029714626735,1088.6066048177083,27883220,1081.74150390625,1081.0059631347656,54.901969398110126,0.008968595348355368,0
2025-02-10,1083.7030029296875,1103.3175369193652,1073.8957359348487,1103.3175369193652,28527108,1088.606591796875,1082.9674194335937,50.90910160728422,-0.017777749257416486,1
2025-02-11,1088.6065673828125,1093.5102005692215,1078.7993010099945,1088.6065673828125,18898928,1091.548779296875,1084.6836853027344,56.862727870446435,0.004524823166373704,0
2025-02-12,1078.79931640625,1093.5102161754262,1078.79931640625,1088.606582919034,24172954,1089.5873291015625,1083.4577758789062,51.9999980084908,-0.009008994865923659,0
2025-02-13,1068.9920654296875,1073.8956987573467,1059.1847987743693,1068.9920654296875,33210403,1084.68369140625,1081.4963256835938,55.319157951605256,-0.009090894689508078,0
2025-02-14,1039.5701904296875,1049.3774563771374,1039.5701904296875,1044.4738234034126,64486940,1071.934228515625,1079.2896850585937,39.99996680817449,-0.027523005971212378,1
2025-02-17,1064.0885009765625,1064.0885009765625,1044.4739663963494,1044.4739663963494,35491271,1068.011328125,1078.5541442871095,42.55321853563819,0.023585045793532045,1
2025-02-18,1078.79931640625,1078.79931640625,1059.184783380682,1064.0884166370738,21616188,1066.0498779296875,1078.5541442871095,46.00000597452463,0.013824804437024385,0
2025-02-19,1068.9920654296875,1073.8956987573467,1064.0884321020285,1068.9920654296875,26400293,1064.088427734375,1079.2896850585937,44.23077751644551,-0.009090894689508078,0
2025-02-20,1059.184814453125,1064.088447853371,1049.3775476526332,1059.184814453125,29643124,1062.1269775390624,1078.7993225097657,39.215687231597826,-0.009174297259746611,1
2025-02-21,1073.8956298828125,1073.8956298828125,1059.1847308433219,1064.0883638564856,28972910,1068.9920654296875,1080.27041015625,56.09754024306129,0.013888808854650048,0
2025-02-24,1054.28125,1064.0885174418604,1054.28125,1059.1848837209302,30822970,1067.030615234375,1078.7993225097657,45.000034229077166,-0.01826469848373713,0
2025-02-25,1034.6666259765625,1039.5702592750297,1029.7629926780953,1034.6666259765625,45158522,1058.2040771484376,1075.611962890625,36.585362891865906,-0.018604735713015352,1
2025-02-26,1039.5701904296875,1039.5701904296875,1024.8592915085128,1024.8592915085128,36768449,1052.3197021484375,1072.6697814941406,36.585324388536435,0.004739269954220138,0
2025-02-27,1019.9558715820312,1044.474041571984,1019.9558715820312,1044.474041571984,55283596,1044.4739135742188,1068.7468841552734,30.2325466956092,-0.01886771959048672,0
2025-03-03,1000.3412475585938,1000.3412475585938,980.726713292739,980.726713292739,65621663,1029.763037109375,1063.1077087402343,30.232529193151393,-0.01923085553987125,0
2025-03-04,980.7265625,990.533828125,976.80365625,976.80365625,64569262,1015.052099609375,1059.6751586914063,26.086928286734008,-0.01960799387855372,1
2025-03-05,1000.3412475585938,1010.1485146915211,995.4376139921301,1000.3412475585938,41994320,1008.1870239257812,1055.9974395751954,33.333350620725426,0.020000156831271543,0
2025-03-06,985.6303100585938,1005.244843592098,985.6303100585938,1000.341210208722,45187017,997.3990478515625,1050.8486267089843,32.653071074197115,-0.014705919140996282,0
2025-03-07,985.6303100585938,990.5339434419698,980.7266766752176,985.6303100585938,40822280,990.533935546875,1045.4546295166015,37.20932454020922,0.0,0
2025-03-10,978.7652587890625,985.630345774557,972.8808985157816,985.630345774557,46849886,986.2187377929688,1039.227017211914,27.918758794201622,-0.006965138145075045,0
2025-03-11,952.2855224609375,960.1313352103582,944.4397097115168,950.3240692735823,50204233,980.5305297851562,1032.6561431884766,19.138750424326886,-0.027054225811902977,1
2025-03-12,968.9579467773438,975.8230334447945,957.1892267759995,961.1121334431143,34184887,974.2538696289063,1026.6737121582032,26.388904495555565,0.017507799838561766,0
2025-03-13,946.4012451171875,985.6303122723041,946.4012451171875,980.7266788779145,37035693,966.408056640625,1020.05380859375,24.890844884779057,-0.023279340176916463,0
2025-03-14,940.5169067382812,950.324173753279,936.5939999322821,946.4012669472799,34333748,957.3853759765625,1013.6300506591797,19.090962324608142,-0.0062175936573051205,1
2025-03-17,951.3048095703125,966.0157086873792,949.3433563547036,958.1698958249436,31491061,951.8932861328125,1009.2167816162109,25.11848159509202,0.011470184910810088,1
2025-03-18,956.7239990234375,963.6210824355529,953.7681061325309,961.6504871749485,21575327,952.7809814453125,1003.8485565185547,29.780177603424136,0.005696585782608121,0
2025-03-19,938.0033569335938,952.7828215911609,936.0327616459182,950.8122263034853,35245036,946.5900634765625,996.8087585449218,25.41412286090572,-0.019567442761917353,1
2025-03-20,970.5181884765625,970.5181884765625,956.7240213307027,963.6211049036326,28715956,951.4134521484375,991.8850646972656,38.73629804289342,0.034663875456973026,0
2025-03-21,957.7093505859375,972.4888158727575,955.7387552143615,970.5182205011815,39214916,954.8519409179687,986.8112915039062,39.976039427598344,-0.013197936981203084,0
2025-03-24,957.7093505859375,972.4888158727575,957.7093505859375,971.5035181869696,16121506,956.1328491210937,981.0019775390625,44.03808150656561,0.0,1
2025-03-25,975.4447631835938,980.3712518865411,970.5182744806463,974.4594654430042,26167428,959.877001953125,977.0601531982422,43.487914684376896,0.018518575167722373,0
2025-03-26,965.5917358398438,980.3712011843312,965.5917358398438,980.3712011843312,21735917,965.394677734375,973.6064086914063,44.621905784082074,-0.010101061295969549,0
2025-03-27,943.9151611328125,949.8269471106797,943.9151611328125,946.871054121746,34563256,960.074072265625,968.8236572265625,39.97109868150941,-0.02244900603688116,0
2025-03-28,938.0033569335938,940.9592498651073,932.0915710705669,932.0915710705669,33101234,956.1328735351562,964.7260314941407,40.1551488735167,-0.006263067320715465,0
2025-03-31,896.6209106445312,910.415078500601,896.6209106445312,906.4738876845811,51064611,943.915185546875,959.5400146484375,37.45863935830672,-0.0441175886878965,1
2025-04-01,930.1210327148438,932.091628123138,911.4003763360492,915.3415671526376,32197752,934.850439453125,957.0097381591797,41.866677233230476,0.03736263751224711,0
2025-04-02,928.150390625,938.003367170913,924.2092000066349,935.0474742071391,24849656,927.3621704101563,953.4001953125,45.817204878654714,-0.002118694256479481,0
2025-04-07,835.5324096679688,835.5324096679688,835.5324096679688,835.5324096679688,23820773,905.6856201171875,945.8953002929687,32.783748963060944,-0.09978768731074272,0
2025-04-08,804.0029296875,830.60596780216,785.282273236443,785.282273236443,116648736,878.8855346679687,936.813931274414,27.382779831394743,-0.037735795303258435,0
2025-04-09,773.4586791992188,813.8558841000697,768.532190796676,797.1058235314242,107582838,854.2530883789062,926.5486022949219,23.87641725151302,-0.037990222871642,1
2025-04-10,850.3118896484375,850.3118896484375,850.3118896484375,850.3118896484375,19416428,838.291259765625,921.4499206542969,39.2771138289353,0.0993630461665862,1
2025-04-11,875.9296264648438,875.9296264648438,823.7088500839251,835.5324220946991,76103586,827.8471069335938,916.7985046386718,38.23529813662804,0.0301274592632097,0
2025-04-14,852.282470703125,889.723781554823,852.282470703125,881.8414003228866,66326054,831.197119140625,912.0925659179687,37.231503756374956,-0.026996638824920316,1
2025-04-15,864.1060180664062,866.0766133185531,852.282446553525,861.1501251881859,30562095,843.2177368164063,908.272021484375,38.979114461203686,0.013872803641645781,0
2025-04-16,842.4295043945312,856.2236717179505,839.4736113966557,854.2530763860334,42128082,857.0119018554688,902.828256225586,34.482750272846786,-0.02508547934937444,0
2025-04-17,834.5470581054688,843.4147364088327,829.6205701591555,836.517653283994,33684502,853.858935546875,896.7194091796875,34.642022784074896,-0.00935680225816371,1
2025-04-18,837.5029907226562,845.3853718118106,837.5029907226562,840.4588836310892,20101219,846.1736083984375,891.6943908691406,36.956520112741536,0.003541960382555054,0
2025-04-21,822.7235717773438,834.5471440663595,819.7676787050898,831.5912509941055,18415705,840.2618286132813,884.3046600341797,36.17021681654258,-0.017647004379721443,0
2025-04-22,804.0029296875,816.8117998908548,804.0029296875,813.8559067670037,28888527,828.2412109375,876.6193389892578,38.2500003484457,-0.02275447395946273,1
2025-04-23,860.1648559570312,860.1648559570312,835.5324144920532,840.4589027850488,37863656,831.78828125,871.7421142578125,41.607559334077074,0.06985288759004926,0
2025-04-24,851.2971801757812,872.973728745072,846.3706918645788,872.973728745072,32238198,835.1383056640625,865.5347351074219,40.9302317540822,-0.010309274692911874,1
2025-04-25,874.9443359375,887.7532057203688,872.9737405862894,886.7679080447635,34640282,842.6265747070313,861.0023651123047,55.55555937937762,0.027777791718793132,1
2025-04-28,883.81201171875,884.7973093906772,879.8708210310409,884.7973093906772,21830091,854.8442626953125,857.9972076416016,62.01780071798435,0.010135131364383598,1
2025-04-29,888.7384643554688,888.7384643554688,879.8707856645605,883.8119761938531,24362874,871.7913696289063,855.5339630126953,68.81028772387177,0.005574095589782946,1
2025-04-30,894.6502685546875,894.6502685546875,885.7825896813481,887.7531849865346,35405654,878.6884521484375,855.4354309082031,59.414224856954164,0.0066519054101097375,1
2025-05-02,936.0327758789062,936.0327758789062,918.297418020148,924.2092039730674,43873135,895.6355712890625,855.7310180664062,61.96078507584367,0.0462555132197886,0
2025-05-05,924.2091674804688,942.9298222588578,909.4297031817406,941.9445246389425,52770209,905.4885375976562,855.5339569091797,65.02057088638992,-0.012631617933822392,0
2025-05-06,906.4738159179688,916.3267921779467,902.5326254139776,902.5326254139776,37538894,910.0208984375,859.0810272216797,58.634538052699305,-0.01918975940354406,1
2025-05-07,914.356201171875,918.2973916941676,897.6061414521315,911.4003082801555,36907620,915.1444458007812,864.5986907958984,65.53190569567482,0.008695656857913736,0
2025-05-08,904.5032958984375,925.1945477653952,904.5032958984375,919.282761517693,27985917,917.1150512695312,871.1509216308593,64.97893184823403,-0.010775784383383225,1
2025-05-09,935.0474243164062,935.0474243164062,920.2679602861153,924.2091506941929,36383573,916.9179809570312,875.3876983642579,68.67925595651346,0.03376895203862085,1
2025-05-12,942.9298706054688,947.8563589576395,938.0033822532981,939.9739775941664,23402547,920.6621215820312,878.7377105712891,73.64341997281102,0.008429996259093686,1
2025-05-13,954.7534790039062,975.444730870864,954.7534790039062,975.444730870864,38047856,930.3180541992188,883.8612609863281,80.47809915346326,0.012539223506458086,1
2025-05-14,984.3123779296875,984.3123779296875,973.4741034980293,975.4446988492399,40475123,944.3092895507813,889.8715789794921,78.12501296301468,0.03095971847792578,0
2025-05-15,978.4005737304688,985.2976573317914,978.4005737304688,985.2976573317914,24662270,959.0887451171875,896.670132446289,79.18552606942204,-0.0060060244407909025,1
2025-05-16,983.3270874023438,983.3270874023438,974.4594082574329,976.4300036229687,16878650,968.744677734375,904.1091339111329,77.22773005931782,0.005035272672716307,0
2025-05-19,969.5328979492188,979.3858745543937,965.5917073071487,978.4005768938762,19906139,974.065283203125,910.7106292724609,71.01449145251188,-0.01402807837783171,0
2025-05-20,963.6211547851562,979.385918053625,963.6211547851562,976.4300249407871,20897857,975.838818359375,917.7555084228516,68.26924909642358,-0.006097516831628069,1
2025-05-21,975.4447631835938,984.3124428488991,968.5476789994673,971.5035722212358,26248757,974.0652954101563,926.3276000976563,69.15889906493523,0.012269975954475099,0
2025-05-22,967.5623168945312,973.4741029448033,964.6064238693951,973.4741029448033,18747545,971.8976440429688,931.6974731445313,58.88889041841693,-0.008080874065422461,1
2025-05-23,969.5328979492188,978.4005768938762,960.6652190045612,978.4005768938762,22213030,969.1388061523437,937.6092590332031,63.52942248199014,0.002036645103141499,0
2025-05-26,961.6505737304688,969.5329554823579,960.6652760114827,960.6652760114827,19329052,967.5623413085938,941.9445709228515,67.50003290877146,-0.008130022442170759,0
2025-05-27,950.812255859375,960.6652326040318,946.8710651615123,956.7240419061691,26355315,965.0005615234375,945.2945831298828,61.349706307993536,-0.011270536478805826,1
2025-05-28,952.7828369140625,970.5181947883677,952.7828369140625,969.5328971286841,26471533,960.4681762695312,948.4968017578125,65.80643150144033,0.0020725238263850088,0
2025-05-29,952.7828369140625,971.5034924480514,952.7828369140625,971.5034924480514,48602590,957.5122802734375,951.4034301757813,57.25807781095432,0.0,0
2025-06-02,932.0916137695312,946.8710791041433,932.0916137695312,943.9151860372209,33676511,950.0240234375,951.2063720703125,45.98540971094336,-0.021716620349236493,1
2025-06-03,936.0327758789062,950.8122407612047,936.0327758789062,945.8857524671052,26020787,944.9004638671875,951.7975524902344,42.63563993004434,0.004228299076135089,1
2025-06-04,975.4447631835938,975.4447631835938,955.738808371804,959.679999334162,37233567,949.8269653320312,955.2460998535156,46.762615897802704,0.04210534964192991,1
2025-06-05,983.3270874023438,985.2976827678796,976.4300036229687,985.2976827678796,24414444,955.9358154296875,958.6946441650391,51.773058369724716,0.008080748922188352,0
2025-06-06,980.3712158203125,982.3418112289966,976.4300250029444,982.3418112289966,13670307,961.4534912109375,962.4880401611329,48.92087100409868,-0.0030059901938018774,1
2025-06-09,990.22412109375,995.1506092583954,985.2976329291045,990.22412109375,21674308,973.0799926757812,965.246875,57.77777369903168,0.01005017804933539,1
2025-06-10,1029.635986328125,1034.5624743009869,1005.0035464638158,1009.9300344366776,44877640,991.800634765625,969.5821807861328,69.822464385663,0.03980095454637356,1
2025-06-11,1049.342041015625,1054.2685294710975,1039.4890641046802,1049.342041015625,37178498,1006.5800903320312,974.3116088867188,71.1864323734282,0.01913885581813779,0
2025-06-12,1034.005126953125,1048.8473058089114,1034.005126953125,1043.8999128569826,25221606,1016.7156982421875,976.7962463378906,68.26836361561556,-0.014615743449729601,0
2025-06-13,1019.1630249023438,1029.057811551881,1014.2156315775751,1029.057811551881,28393455,1024.4740600585938,978.8343688964844,62.743734860604725,-0.014353992706512053,0
2025-06-16,1014.215576171875,1019.162969226372,1004.3207900628811,1019.162969226372,28580673,1029.2723510742187,980.378793334961,63.703880033109854,-0.004854423295961752,1
2025-06-17,1034.005126953125,1038.9525199050538,1024.1103410492674,1029.0577340011962,26517379,1030.1461791992188,983.6024047851563,70.72154905373307,0.019512173985677617,1
2025-06-18,1043.89990234375,1043.89990234375,1019.1629378332345,1029.0577236374406,37931721,1029.0577514648437,987.616342163086,71.8334223521201,0.009569367822944708,0
2025-06-19,1024.1103515625,1034.0051375679348,1019.1629585597826,1034.0051375679348,24002557,1027.0787963867188,990.0496215820312,65.61093202058464,-0.0189573260202619,1
2025-06-20,1043.89990234375,1043.89990234375,1014.2155449311315,1019.1629378332345,57831332,1032.026171875,993.8665008544922,74.56762797619128,0.019323650767768097,0
2025-06-23,1009.2681274414062,1019.1629130045573,1004.3207346598307,1014.2155202229818,32143872,1031.0366821289062,995.8532623291015,64.17956024133974,-0.033175379003857475,1
2025-06-24,1038.952392578125,1038.952392578125,1029.0576078869049,1034.005000232515,28163537,1032.0261352539062,999.7183532714844,62.77742616111477,0.02941167399387834,1
2025-06-25,1058.7420654296875,1058.7420654296875,1043.8998869423556,1048.8472797714662,38783736,1034.9945678710938,1005.11484375,64.47936243879722,0.019047718637477784,1
2025-06-26,1063.689453125,1068.6368459302325,1053.794667514535,1063.689453125,36056692,1042.9103881835938,1010.6601745605469,65.8753524920291,0.004672892347301394,1
2025-06-27,1068.6368408203125,1068.6368408203125,1048.8472696940105,1058.7420552571614,32549027,1047.8577758789063,1016.4528747558594,65.2252800178999,0.004651157986739207,0
2025-06-30,1048.8472900390625,1068.6368615492336,1048.8472900390625,1063.6894686716907,32413717,1055.7736083984375,1022.290658569336,54.03792253748791,-0.018518499480196682,1
2025-07-01,1073.5843505859375,1083.4791372272825,1063.6895639445925,1068.636957265265,44299887,1062.7,1029.1682373046874,54.98983404824983,0.023584997341179914,0
2025-07-02,1073.5843505859375,1073.5843505859375,1058.74217062392,1063.6895639445925,23822731,1065.66845703125,1034.0752166748048,58.695669664695636,0.0,1
2025-07-03,1078.5316162109375,1093.373794415675,1078.5316162109375,1093.373794415675,36973556,1068.6368896484375,1038.8354431152343,63.63633814703544,0.00460817598756913,0
2025-07-04,1073.5843505859375,1088.426530547955,1068.636957265265,1083.4791372272825,20363322,1069.6263916015625,1043.4960998535157,63.63639167464823,-0.004587038108702424,0
2025-07-07,1068.6368408203125,1073.584233601888,1058.7420552571614,1068.6368408203125,18829372,1073.5843017578125,1047.4167358398438,58.53658022856249,-0.004608403394595673,0
2025-07-08,1068.6368408203125,1068.6368408203125,1053.794662475586,1058.7420552571614,27461252,1072.5947998046875,1049.3667785644532,56.410252354754306,0.0,1
2025-07-09,1078.5316162109375,1078.5316162109375,1053.7946525363748,1058.7420452712872,23618216,1073.5842529296874,1050.8262573242187,64.86485495213975,0.009259249740098285,1
2025-07-10,1088.426513671875,1088.426513671875,1078.5317271839488,1083.479120427912,22350503,1075.563232421875,1053.5473266601562,62.857159977638624,0.009174415763257837,0
2025-07-11,1088.426513671875,1088.426513671875,1078.5317271839488,1083.479120427912,28249780,1078.5316650390625,1057.0105010986329,78.57145689578067,0.0,0
2025-07-14,1083.47900390625,1088.4263966181506,1073.5842184824487,1088.4263966181506,25760632,1081.50009765625,1060.4736724853515,69.56520806290698,-0.004545561600602932,1
2025-07-15,1098.3212890625,1103.2686822564751,1078.531716286599,1083.4791094805744,45416390,1087.4369873046876,1063.6894805908203,68.18181308396541,0.013698728911902602,1
2025-07-16,1118.11083984375,1118.11083984375,1108.2160536504425,1108.2160536504425,31013743,1095.35283203125,1067.4000274658204,71.99998420888487,0.018017997992319623,0
2025-07-17,1118.11083984375,1123.0582329404037,1103.2686605537888,1118.11083984375,30648595,1101.289697265625,1072.1000518798828,70.83332048249252,0.0,1
2025-07-18,1142.8477783203125,1147.795171300054,1132.9529923608293,1142.8477783203125,46645034,1112.1739501953125,1077.047445678711,87.99993683553949,0.022123869651437644,0
2025-07-21,1137.900390625,1137.900390625,1123.0582116168478,1132.9529976222825,26749324,1123.0582275390625,1083.4790588378905,80.952308218317,-0.00432899970509093,0
2025-07-22,1118.11083984375,1147.7951984236727,1118.11083984375,1132.9530191337112,50457506,1127.0161376953124,1087.4369812011719,67.9999644699559,-0.017391285690991354,1
2025-07-23,1132.9530029296875,1132.9530029296875,1123.0582168779,1128.0056099037938,29747757,1129.9845703125,1091.147528076172,70.37036021661613,0.013274321790862631,0
2025-07-24,1132.9530029296875,1142.847788981475,1132.9530029296875,1137.9003959555814,15055463,1132.9530029296875,1094.6107055664063,73.07683547835461,0.0,0
2025-07-25,1132.9530029296875,1142.847788981475,1128.0056099037938,1137.9003959555814,22476546,1130.9740478515625,1097.826513671875,75.99997236554853,0.0,0
2025-07-28,1132.9530029296875,1147.795182007369,1132.9530029296875,1142.847788981475,20606376,1129.9845703125,1102.0317993164062,75.99997236554853,0.0,0
2025-07-29,1123.05810546875,1132.9528905389593,1113.1633203985407,1132.9528905389593,31763255,1130.9740234375,1104.5054870605468,67.99992894005206,-0.008733722789339371,1
2025-07-30,1142.8477783203125,1147.795171300054,1132.9529923608293,1137.900385340571,34182363,1132.952978515625,1107.9686584472656,70.370295909574,0.017621236831109943,1
2025-07-31,1147.795166015625,1152.742558972589,1142.847773058661,1147.795166015625,33230751,1135.9214111328124,1111.4318359375,71.42849589713222,0.004328999705091041,0
2025-08-04,1123.05810546875,1123.05810546875,1113.1633203985407,1118.1107129336453,23939021,1133.942431640625,1113.9055236816407,62.49996144747758,-0.02155180756924202,1
2025-08-05,1137.900390625,1137.900390625,1128.0056046195652,1132.9529976222825,17012960,1134.9319091796874,1117.368701171875,62.49996144747758,0.013215954796973683,0
2025-08-06,1113.1634521484375,1123.058238389757,1113.1634521484375,1118.1108452690971,22023406,1132.952978515625,1119.5950317382812,48.48485301627486,-0.021739107113739164,1
2025-08-07,1167.5845947265625,1167.5845947265625,1142.847632973881,1147.7950253244173,61370031,1137.900341796875,1124.0476806640625,61.36358920841887,0.04888872561625224,0
2025-08-08,1162.6373291015625,1172.5321148811502,1157.6899362117686,1167.5847219913564,25958258,1140.8687744140625,1127.7582214355468,54.999993831584995,-0.004237179599100971,1
2025-08-11,1167.5845947265625,1182.4267717781713,1152.7424176749537,1157.6898100254898,35579367,1149.774072265625,1131.7161254882812,57.499964531591864,0.004255209686775618,0
2025-08-12,1167.5845947265625,1177.479379427635,1157.6898100254898,1167.5845947265625,28917167,1155.7109130859376,1135.921405029297,63.888845100733704,0.0,1
2025-08-13,1187.374267578125,1187.374267578125,1172.5320892333984,1172.5320892333984,37809952,1170.553076171875,1140.3740539550781,64.86484503942783,0.016949241143590976,0
2025-08-14,1162.6373291015625,1177.479507770944,1162.6373291015625,1172.5321148811502,32991791,1169.563623046875,1142.6003784179688,57.14284875045528,-0.02083331191522131,1
2025-08-15,1167.5845947265625,1172.5319870770986,1157.6898100254898,1162.6372023760262,22231552,1170.553076171875,1145.0740661621094,58.139501522882256,0.004255209686775618,0
2025-08-18,1167.5845947265625,1172.5319870770986,1157.6898100254898,1157.6898100254898,18219895,1170.553076171875,1146.3109069824218,58.139501522882256,0.0,1
2025-08-19,1172.5321044921875,1172.5321044921875,1162.6373188002704,1167.584711646229,17867547,1171.542578125,1148.0424926757812,61.90478428451333,0.004237388697975852,0
2025-08-20,1123.05810546875,1152.7424606793777,1123.05810546875,1152.7424606793777,66982023,1158.679345703125,1148.2898559570312,45.83330977339797,-0.04219415300774576,1
2025-08-21,1137.900390625,1142.8477836277175,1128.0056046195652,1128.0056046195652,23424804,1153.7319580078124,1148.5372253417968,48.00000197389329,0.013215954796973683,0
2025-08-22,1123.05810546875,1142.8476756091684,1123.05810546875,1142.8476756091684,19205763,1144.82666015625,1148.04248046875,50.0,-0.01304357154504343,1
2025-08-25,1157.68994140625,1167.584727230235,1147.795155582265,1152.7425484942576,25103514,1142.8477294921875,1149.2793273925781,53.846150196203105,0.0308370829335185,1
2025-08-26,1162.6373291015625,1172.5321148811502,1147.795150432181,1152.7425433219746,35508897,1140.8687744140625,1150.7635437011718,60.41665595761065,0.004273499767392774,1
2025-08-27,1177.4794921875,1177.4794921875,1167.5847065388657,1177.4794921875,21952558,1151.7530517578125,1153.4846130371093,52.50002621574759,0.012765944043278576,0
2025-08-28,1147.795166015625,1172.5321308004445,1147.795166015625,1172.5321308004445,19975237,1153.7320068359375,1153.731982421875,46.66667397737373,-0.025210057898102378,0
2025-08-29,1147.795166015625,1172.5321308004445,1147.795166015625,1167.5847378434805,19522740,1158.6794189453126,1153.731982421875,45.45458623739052,0.0,1
2025-09-01,1152.7425537109375,1152.7425537109375,1132.9529819734107,1137.9003749077924,22018940,1157.68994140625,1155.2162048339844,46.66670322018193,0.004310340243448341,0
2025-09-02,1147.795166015625,1162.6373448865168,1142.847773058661,1157.6899519295528,14037411,1154.7215087890625,1155.7109436035157,40.47621285590246,-0.004291840948688619,0
2025-09-03,1147.795166015625,1147.795166015625,1132.9529871447332,1142.847773058661,19511981,1148.7846435546876,1157.442529296875,45.94595675980627,0.0,0
2025-09-04,1147.795166015625,1162.6373448865168,1147.795166015625,1157.6899519295528,24333323,1148.7846435546876,1156.453057861328,44.44449775161767,0.0,1
2025-09-05,1167.5845947265625,1167.5845947265625,1157.6898100254898,1162.6372023760262,27133819,1152.742529296875,1156.700421142578,50.0,0.017241254621792157,0
2025-09-08,1167.5845947265625,1182.4267717781713,1167.5845947265625,1182.4267717781713,27281959,1155.7109375,1156.700421142578,48.71791951837048,0.0,1
2025-09-09,1187.374267578125,1187.374267578125,1177.4794820149739,1182.4268747965496,31329096,1163.6267578125,1157.6899047851562,69.69696289982504,0.016949241143590976,1
2025-09-10,1212.111328125,1217.0587213010203,1202.216541772959,1207.1639349489797,39665156,1176.489990234375,1158.9267578125,71.42856135769867,0.02083341472215916,1
2025-09-11,1226.9534912109375,1246.7430636498236,1222.006098101216,1241.795670540102,30345708,1192.3216552734375,1162.1425659179688,80.00002819846361,0.012244884394321032,1
2025-09-12,1246.7430419921875,1246.7430419921875,1236.8482559446304,1241.795648968409,26492972,1208.1533447265624,1166.10048828125,78.12501686676757,0.016129014606510284,0
2025-09-15,1241.795654296875,1246.7430473418824,1236.8482612518674,1246.7430473418824,24589707,1222.995556640625,1169.8110412597657,75.0000192763058,-0.003968249694345172,1
2025-09-16,1271.5987548828125,1276.5659375190735,1251.7300243377686,1256.6972069740295,40130070,1239.8404541015625,1174.7643737792969,77.15854085519507,0.024000003932058034,0
2025-09-17,1256.697265625,1266.631631361166,1256.697265625,1261.664448493083,29283972,1248.7576416015625,1181.4463317871093,84.35513883369224,-0.011718703876197,1
2025-09-18,1276.5660400390625,1276.5660400390625,1256.6973078983767,1266.6316739687197,24191307,1258.6801513671876,1188.3796142578126,86.0978966610615,0.015810310850148168,0
2025-09-19,1256.697265625,1281.533179965415,1256.697265625,1276.565997097332,44913316,1260.67099609375,1195.061572265625,76.89159139036585,-0.015564235449545993,1
2025-09-22,1286.5003662109375,1286.5003662109375,1261.664451805321,1261.664451805321,28859955,1269.6119384765625,1201.5020935058594,81.7926286802458,0.023715417707315112,1
2025-09-23,1331.2049560546875,1331.2049560546875,1306.3690426954583,1311.3362253673042,33953781,1281.5331787109376,1209.9304748535155,84.88933122239318,0.034748991152964814,0
2025-09-24,1331.2049560546875,1346.1065040702251,1316.3034080391499,1341.1393213983793,44737182,1296.434716796875,1217.616748046875,84.88933122239318,0.0,0
2025-09-25,1311.336181640625,1321.270546653054,1311.336181640625,1311.336181640625,25861812,1303.3887451171875,1225.793798828125,77.33705313720328,-0.0149254059817715,0
2025-09-26,1291.4674072265625,1306.3689542330228,1286.5002248910757,1301.401771897536,25793295,1310.3427734375,1232.9774108886718,71.90342746095426,-0.015151549001877207,1
2025-09-30,1296.4345703125,1311.3361170977012,1296.4345703125,1301.4017525742338,36642789,1312.3296142578124,1240.16201171875,70.3492959234991,0.003846138940977628,1
2025-10-01,1316.3033447265625,1341.1392568912145,1316.3033447265625,1316.3033447265625,33837323,1309.3492919921875,1248.587420654297,69.80065743840285,0.015325705491850083,1
2025-10-02,1356.040771484375,1361.0079537975046,1346.1064068581159,1351.0735891712454,29593487,1314.316455078125,1258.9997009277345,72.41116664130578,0.030188654398707104,1
2025-10-03,1390.8111572265625,1390.8111572265625,1356.0408782958984,1356.0408782958984,31032341,1330.2114501953124,1271.1505004882813,73.77530217566479,0.02564110642788897,1
2025-10-07,1425.5814208984375,1435.5157862008657,1410.6798729447953,1410.6798729447953,38395572,1357.0342529296875,1284.050341796875,77.61192880190764,0.024999989028856362,0
2025-10-08,1405.7127685546875,1410.6799514824424,1395.7784026991774,1400.7455856269323,23064494,1378.889892578125,1295.9567504882812,70.76923891254424,-0.013937227332289637,1
2025-10-09,1430.548583984375,1445.4501317342124,1420.614218817817,1430.548583984375,39052134,1401.7389404296875,1308.1154663085938,76.11938929864124,0.01766777394732144,0
2025-10-13,1405.7127685546875,1410.6799514824424,1380.876853915912,1380.876853915912,53850992,1411.67333984375,1317.7955383300782,69.11765024766913,-0.017361042964730733,1
2025-10-14,1415.64697265625,1450.4172491776317,1410.6797902960527,1445.4500668174342,39889256,1416.6405029296875,1327.2302124023438,74.24242649911716,0.007067022740197881,1
2025-10-15,1455.384521484375,1455.384521484375,1415.6470601469177,1425.581425481282,41056405,1422.601123046875,1337.662286376953,75.00000903506582,0.028070238976009243,1
2025-10-16,1475.2532958984375,1485.1876615273832,1455.3845646405462,1455.3845646405462,37737678,1436.509228515625,1349.3351684570312,73.01588973381361,0.013651907190683765,0
2025-10-17,1440.48291015625,1455.384457502694,1440.48291015625,1445.4500926050648,38077331,1438.49609375,1357.7793762207032,65.71427768967705,-0.02356909544880026,1
2025-10-20,1470.2861328125,1485.18768145587,1445.4502184068836,1450.4174012880069,33015553,1451.4107666015625,1368.4588195800782,72.22223359970292,0.020689744006068933,0
2025-10-21,1470.2861328125,1490.1548643369933,1470.2861328125,1475.2533156936233,34601251,1462.3385986328126,1378.14482421875,76.47060949425713,0.0,0
2025-10-22,1450.4173583984375,1460.3517238669199,1445.4501756641964,1450.4173583984375,27360948,1461.345166015625,1387.830828857422,71.83099907825105,-0.013513542684413182,0
2025-10-23,1440.48291015625,1445.4500926050648,1425.581362809806,1430.5485452586208,23570046,1454.3910888671876,1395.5299560546875,68.11593583481942,-0.006849372137380683,1
2025-10-27,1470.2861328125,1490.1548643369933,1470.2861328125,1490.1548643369933,32851952,1460.3517333984375,1402.4840148925782,67.16418895870243,0.020689744006068933,0
2025-10-28,1465.3189697265625,1480.2205185712394,1460.3517867783369,1470.2861526747881,28381919,1459.35830078125,1409.189715576172,62.29508791126445,-0.0033783649148861894,1
2025-10-29,1495.1219482421875,1505.0563133467867,1480.2204005852886,1485.1875831375883,30631103,1464.3254638671874,1418.37900390625,61.66665984017825,0.020338901721299818,0
2025-10-30,1495.1219482421875,1510.0234958990864,1490.1547656898879,1505.0563133467867,27867757,1473.2663818359374,1428.5617309570312,66.07140192723415,0.0,0
2025-10-31,1490.15478515625,1514.9906982421876,1490.15478515625,1505.0563330078126,31928423,1483.2007568359375,1438.2477416992188,61.53845426765005,-0.003322246116296612,1
2025-11-03,1500.089111328125,1510.023476303808,1480.220381376759,1500.089111328125,29118770,1489.1613525390626,1447.437030029297,69.38770801893203,0.006666640452946959,0
2025-11-04,1495.1219482421875,1514.990678451386,1485.1875831375883,1510.0234958990864,33925673,1495.1219482421875,1454.3910888671876,66.66664960047184,-0.0033112453443113754,0
2025-11-05,1450.4173583984375,1475.2532720696436,1445.4501756641964,1470.2860893354025,56305422,1486.1810302734375,1457.3713989257812,48.97959695446391,-0.029900296692392914,1
2025-11-06,1455.384521484375,1470.2860694859214,1455.384521484375,1460.3517041515572,27411394,1478.233544921875,1458.861553955078,45.65216810601588,0.003424643987591569,0
2025-11-07,1450.4173583984375,1455.3845411326788,1445.4501756641964,1450.4173583984375,20329390,1470.2860595703125,1461.0967834472656,52.50001996747452,-0.003412955828931974,1
2025-11-10,1465.3189697265625,1475.2533356230138,1455.3846038301112,1460.3517867783369,25281744,1463.33203125,1462.835302734375,48.648654034045514,0.01027401612497214,0
2025-11-11,1455.384521484375,1485.187617487468,1455.384521484375,1480.2204348202858,22444166,1455.3845458984374,1465.3188903808593,46.15383161221861,-0.00677971721340731,1
2025-11-12,1465.3189697265625,1475.2533356230138,1450.4174208818856,1460.3517867783369,23642502,1458.3648681640625,1467.802490234375,54.05406841510281,0.006825995532819817,0
2025-11-13,1450.4173583984375,1460.3517238669199,1450.4173583984375,1450.4173583984375,21255597,1457.371435546875,1467.554132080078,52.63159937009504,-0.010169534166957317,0
2025-11-14,1420.6141357421875,1430.5485003277972,1415.6469534493826,1415.6469534493826,26861702,1451.410791015625,1464.8221740722656,36.842067821492435,-0.02054803224994417,1
2025-11-17,1435.5157470703125,1450.4172946177553,1435.5157470703125,1440.4829295861268,26602730,1445.450146484375,1464.5738159179687,42.49997542466184,0.010489555857009503,0
2025-11-18,1395.7783203125,1425.5814161198844,1395.7783203125,1425.5814161198844,42198432,1433.52890625,1460.8484252929688,26.19051380577649,-0.027681637654558,0
2025-11-19,1385.843994140625,1405.7127252394152,1385.843994140625,1390.8111769153224,35591948,1417.6339111328125,1456.626318359375,25.00004188977627,-0.007117409711343559,1
2025-11-20,1445.4501953125,1450.4173781142613,1430.5486469072166,1440.483012510739,25964403,1416.640478515625,1456.3779602050781,41.81819969115502,0.04301075837099355,0
2025-11-21,1375.9095458984375,1395.778275803108,1375.9095458984375,1385.8439108507728,54518246,1407.699560546875,1453.1492919921875,31.3433060278156,-0.048110028031113306,0
2025-11-24,1365.9752197265625,1395.7783154296874,1365.9752197265625,1390.8111328125,79134658,1393.791455078125,1447.9337463378906,30.882377388957437,-0.007220188421171336,1
2025-11-25,1405.7127685546875,1415.6471344101976,1395.7784026991774,1415.6471344101976,27427405,1395.7783447265624,1444.953436279297,43.28360070307433,0.02909097343367595,1
2025-11-26,1430.548583984375,1430.548583984375,1415.6470362345378,1420.614218817817,29213211,1404.7192626953124,1441.7247680664063,46.47887421445473,0.01766777394732144,0
2025-11-27,1425.5814208984375,1445.450151503294,1420.6142382472235,1440.4829688520797,22039774,1400.7455078125,1438.2477416992188,46.47887421445473,-0.003472208592946169,1
2025-11-28,1430.548583984375,1445.4501317342124,1425.581401401096,1430.548583984375,23152513,1411.6733154296876,1435.267431640625,44.92752590828128,0.003484306833072326,0
2025-12-01,1400.74560546875,1435.5158864555628,1400.74560546875,1435.5158864555628,30559208,1418.627392578125,1430.3002563476562,42.46576956534619,-0.0208332515576769,1
2025-12-02,1420.6141357421875,1430.5485003277972,1410.6797711565778,1420.6141357421875,23544477,1421.607666015625,1426.5748657226563,43.99997247558519,0.014184253154796433,1
2025-12-03,1440.48291015625,1440.48291015625,1425.581362809806,1430.5485452586208,20301540,1423.59453125,1426.078143310547,48.68419903852092,0.013986045833397354,0
2025-12-04,1435.5157470703125,1440.4829295861268,1420.6141995228697,1435.5157470703125,20696944,1425.581396484375,1425.0847045898438,52.11268678155947,-0.003448262420134296,1
2025-12-05,1450.4173583984375,1450.4173583984375,1430.5486274614727,1435.5158101957138,21072604,1429.5551513671876,1425.0847045898438,52.11268678155947,0.010380667267870125,1
2025-12-08,1485.1876220703125,1485.1876220703125,1450.4173432927466,1455.384525975256,24257260,1446.4435546875,1426.0781372070312,62.85715489406431,0.023972592075337973,0
2025-12-09,1470.2861328125,1490.1548643369933,1470.2861328125,1485.18768145587,24235825,1456.3779541015624,1426.8232177734376,61.97184561121745,-0.010033405232020565,1
2025-12-10,1495.1219482421875,1495.1219482421875,1475.253218032989,1480.2204005852886,23319221,1467.30576171875,1428.3133666992187,57.81249820004446,0.01689182457443117,0
2025-12-11,1465.219482421875,1510.0731400470345,1460.2357426857461,1505.0894003109056,28924982,1473.2465087890625,1429.0534729003907,66.04786544506177,-0.02000001796205908,1
2025-12-12,1475.18701171875,1480.1707516232052,1465.2195319098396,1470.2032718142948,22107664,1478.200439453125,1431.7821166992187,69.62163570544091,0.006802755093318513,0
2025-12-15,1445.2845458984375,1450.2682857118803,1440.3008060849945,1445.2845458984375,25889058,1470.21982421875,1432.270556640625,57.370165213271264,-0.020270288161955086,0
2025-12-16,1430.3333740234375,1440.300853981789,1420.365894065086,1430.3333740234375,32168064,1462.2292724609374,1433.998309326172,49.95838532217503,-0.010344794675505087,0
2025-12-17,1425.349609375,1440.3008290537587,1420.3658694820804,1430.3333492679196,30535812,1448.2748046875,1435.9735900878907,49.95517799222896,-0.0034843378047024753,0
2025-12-18,1425.349609375,1430.3333492679196,1410.3983896962413,1415.3821295891607,30534136,1440.300830078125,1434.9685607910155,48.975062665809304,0.0,0
2025-12-19,1425.349609375,1450.268308839598,1425.349609375,1450.268308839598,38763280,1430.333349609375,1437.4405639648437,55.49635623290876,0.0,1
2025-12-22,1460.2357177734375,1465.2194574245414,1450.2682384712298,1460.2357177734375,22661665,1433.323583984375,1442.1535888671874,58.29463457915552,0.024475474767018612,1
2025-12-23,1485.1544189453125,1485.1544189453125,1465.2194603017513,1470.2031999626415,20739075,1444.28779296875,1446.1256713867188,59.1581808216984,0.017064848413563594,1
2025-12-24,1490.13818359375,1495.1219233382108,1480.1707041048287,1490.13818359375,12987261,1457.2455078125,1449.1051513671875,61.19747496460336,0.003355721522868116,1
2025-12-26,1505.0894775390625,1505.0894775390625,1490.138257563509,1500.1057375472112,18823612,1473.1934814453125,1453.0805541992188,61.2053772921193,0.010033494953638922,1
2025-12-29,1525.0244140625,1525.0244140625,1505.0894544015523,1510.0731943167893,21124648,1493.1284423828124,1457.804345703125,58.6934527186969,0.01324501753612184,0
2025-12-30,1515.056884765625,1525.024364270662,1505.0894052605881,1510.0731450131066,20325400,1504.09267578125,1463.5199096679687,59.98520033454431,-0.006535980148883347,1
2025-12-31,1544.9593505859375,1544.9593505859375,1510.0731717017388,1515.0569115423386,29695967,1516.053662109375,1469.7371704101563,60.86955827210796,0.01973686012782183,1
2026-01-02,1579.8455810546875,1579.8455810546875,1539.9756610280708,1549.943141034725,37512761,1533.9951416015624,1476.705303955078,74.46808288875536,0.02258067855022805,1
2026-01-05,1664.569091796875,1689.48779077587,1619.7154336346837,1624.699173430483,66871820,1565.891064453125,1488.1579711914062,80.64514854645627,0.0536277163782215,1
2026-01-06,1699.455322265625,1699.455322265625,1639.6504428897085,1639.6504428897085,46751692,1600.77724609375,1500.6098693847657,90.4761849220614,0.020958115010468514,0
2026-01-07,1669.5528564453125,1679.5203361852846,1659.5853767053404,1659.5853767053404,49857449,1631.6764404296875,1509.8281311035157,86.36361274711736,-0.017595323294788412,1
2026-01-08,1679.5203857421875,1694.471605793305,1649.6179456399527,1654.6016856569918,29215618,1658.5886474609374,1520.28984375,88.0596856690272,0.0059701789364712265,0
2026-01-09,1674.53662109375,1694.4715808686756,1649.6179213750931,1659.585401262556,37387656,1677.52685546875,1529.2605773925782,86.76468469403045,-0.002967373716178612,1
2026-01-12,1684.5040283203125,1699.4552475065875,1684.5040283203125,1694.4715077778292,29987449,1681.5138427734375,1540.2248046875,87.14283364889391,0.005952337560734877,1
2026-01-13,1704.4390869140625,1714.4065669544957,1694.4716068736295,1714.4065669544957,30171800,1682.510595703125,1551.6874084472656,86.5671467186859,0.01183437870055326,0
2026-01-14,1704.4390869140625,1709.422826934279,1694.4716068736295,1699.455346893846,29100816,1689.487841796875,1564.6451354980468,85.4838531263432,0.0,0
2026-01-15,1684.5040283203125,1694.4715077778292,1674.536548862796,1679.5202885915542,36391886,1690.4845703125,1577.3536682128906,79.99996231740428,-0.011695964230580391,1
2026-01-16,1734.3414306640625,1744.3089101506375,1704.4389922043372,1729.357690920775,53551629,1702.4455322265626,1592.8032592773438,81.94440475558694,0.029585801818144075,1
2026-01-19,1754.2763671875,1774.2113259055398,1719.3901894309304,1719.3901894309304,29580038,1716.4,1609.2495971679687,81.94440475558694,0.011494239929334293,1
2026-01-20,1769.2276611328125,1769.2276611328125,1734.3414818992078,1734.3414818992078,29401234,1729.35771484375,1626.4434997558594,84.93147973113307,0.008522769972260757,0
2026-01-21,1734.3414306640625,1759.2601293805,1734.3414306640625,1739.32517040735,45192749,1735.33818359375,1640.1487854003906,75.67564525984167,-0.019718338818200953,1
2026-01-22,1754.2763671875,1764.2438465465198,1744.30888782848,1759.2601068670099,32069478,1749.2926513671875,1653.6048828125,74.64785136811093,0.011494239929334293,1
2026-01-23,1764.243896484375,1769.2276363049523,1744.3089372020656,1764.243896484375,27601167,1755.27314453125,1667.3101684570313,67.8571178635912,0.005681846648173838,0
2026-01-26,1749.292724609375,1779.1951643462874,1749.292724609375,1759.2602045216793,22960198,1754.276416015625,1679.520330810547,59.61537374540508,-0.008474549298310374,1
2026-01-27,1774.21142578125,1779.1951657413097,1749.2927259809514,1754.2764659410113,28985200,1755.2731689453126,1691.9796813964845,70.5882183434678,0.014245015040258213,1
2026-01-28,1814.081298828125,1814.081298828125,1784.1788598364526,1784.1788598364526,29301156,1771.221142578125,1706.9309020996093,73.6841833864818,0.022471883828230288,0
2026-01-29,1799.130126953125,1829.0325667362793,1794.146386989266,1824.0488267724202,32224002,1780.19189453125,1719.6394409179688,71.18643364156657,-0.008241731991095569,0
2026-01-30,1769.2276611328125,1794.1463605853874,1769.2276611328125,1784.1788808043575,40825139,1781.1886474609375,1729.108544921875,63.492062874938284,-0.016620513087040045,0
2026-02-02,1759.2601318359375,1759.2601318359375,1739.3251728349637,1744.308912585207,28251381,1783.18212890625,1733.8430969238282,59.01637303668915,-0.00563383080416735,1
2026-02-03,1794.1463623046875,1804.113842095269,1779.195142618815,1804.113842095269,26744162,1787.1691162109375,1738.5776489257812,63.23527928582131,0.01983005800986537,0
2026-02-04,1779.195068359375,1799.1300271084997,1769.2275889848127,1779.195068359375,26952301,1780.1918701171876,1744.0597595214845,64.17909356484634,-0.008333374723178522,0
2026-02-05,1759.2601318359375,1774.2113510866677,1754.276392085694,1759.2601318359375,26299986,1772.21787109375,1748.0467468261718,54.09835868096992,-0.011204469300727049,1
2026-02-06,1774.21142578125,1774.21142578125,1734.3415061007724,1739.3252460608321,33263592,1773.2146240234374,1753.0304870605469,53.33334694094162,0.00849862602735696,1
2026-02-09,1809.0975341796875,1829.0324932340093,1809.0975341796875,1824.0487534704287,36529289,1783.1821044921876,1759.2601623535156,56.249990432145545,0.01966288114905801,1
2026-02-10,1873.88623046875,1873.88623046875,1834.0163106715427,1839.0000506461936,41859169,1799.130078125,1767.73251953125,70.0000034991009,0.035812716044876014,1
2026-02-11,1908.7723388671875,1918.7398184435174,1868.9024205618675,1873.8861603500327,40488310,1825.0455322265625,1777.9491821289062,71.23287579306775,0.018616983161091172,0
2026-02-23,1893.8211669921875,1928.7073463841489,1893.8211669921875,1893.8211669921875,69816209,1851.9577392578126,1788.4150390625,67.56757204048878,-0.00783287329272242,1
2026-02-24,1958.6097412109375,1968.5772208099752,1908.7723432157482,1908.7723432157482,40961679,1888.83740234375,1799.6284545898438,74.99999271020347,0.03421050273804305,1
2026-02-25,2008.4471435546875,2018.4146231753064,1988.51218431345,1988.51218431345,40832607,1928.70732421875,1812.3369934082032,76.40448757907136,0.02544529484109348,0
2026-02-26,1988.51220703125,2003.4634266329888,1988.51220703125,1993.4959468984962,58561388,1951.63251953125,1823.301220703125,70.58823529411765,-0.009925547001528368,0
2026-03-02,1968.5772705078125,1988.5122302091575,1933.691091030459,1933.691091030459,48884884,1963.593505859375,1835.0130126953125,69.76743788636341,-0.010025051117588779,0
2026-03-03,1928.707275390625,1973.5609329578488,1928.707275390625,1963.5934534984658,43090471,1970.5707275390625,1843.7345581054688,68.18180679527906,-0.02025320301849398,0
2026-03-04,1858.9349365234375,1903.7885945092576,1858.9349365234375,1888.837375180651,68160943,1950.6357666015624,1848.4691101074218,60.0,-0.036175701599433396,1
2026-03-05,1893.8211669921875,1953.6260459498355,1888.8374270790503,1933.6910862972861,48120463,1927.7105712890625,1855.6955322265626,60.0,0.0187667840241863,0
2026-03-06,1883.8536376953125,1893.821117259838,1873.8861581307872,1873.8861581307872,30082724,1906.778857421875,1861.1776428222656,60.60606360498514,-0.005263184016844447,0
2026-03-09,1804.11376953125,1804.11376953125,1764.2438519725483,1769.2275916673862,76459172,1873.8861572265625,1860.679266357422,54.054051668496335,-0.04232805912757398,1
2026-03-10,1843.9837646484375,1883.8536838840794,1824.0488050306167,1863.9187242662586,41375691,1856.941455078125,1862.9219482421875,56.03448039225416,0.02209949050360982,1
2026-03-11,1933.6910400390625,1943.6585196268927,1868.902422718166,1878.8699023059962,36167313,1871.89267578125,1871.1451171875,59.84251892573275,0.048648625389458466,0
2026-03-12,1878.869873046875,1908.7723113447032,1878.869873046875,1893.821092195789,34040589,1868.9024169921875,1877.1256042480468,50.39999216201122,-0.02835053059514614,0
2026-03-13,1858.9349365234375,1878.8698956282465,1834.0162376424262,1834.0162376424262,31214304,1863.9186767578126,1880.3650329589843,45.90163967339039,-0.01061006768452244,0
2026-03-16,1839.0,1873.8861788617885,1839.0,1868.90243902439,31249086,1870.8959228515625,1883.3552795410155,45.528453827461114,-0.010723848442334205,1
2026-03-17,1870.0,1880.0,1860.0,1875.0,23812211,1876.099169921875,1888.8922729492188,42.35083092355351,0.016856987493202746,1
2026-03-18,1905.0,1910.0,1890.0,1900.0,23068156,1870.3609619140625,1895.4317016601562,40.835233649691034,0.018716577540107027,0
2026-03-19,1850.0,1880.0,1850.0,1875.0,31040569,1864.5869873046875,1897.476824951172,38.44651759884625,-0.02887139107611547,0
2026-03-20,1840.0,1870.0,1840.0,1860.0,46312322,1860.8,1895.7825134277343,39.09445813080748,-0.00540540540540535,0
2026-03-23,1810.0,1815.0,1785.0,1790.0,34902948,1855.0,1890.843896484375,39.76015739315688,-0.016304347826086918,0
2026-03-24,1810.0,1850.0,1800.0,1850.0,27001025,1843.0,1886.6528381347657,45.201158114522904,0.0,1
2026-03-25,1845.0,1875.0,1845.0,1865.0,40964040,1831.0,1880.9723510742188,45.213383086137156,0.01933701657458564,0
2026-03-26,1840.0,1865.0,1840.0,1850.0,20958470,1829.0,1872.5499938964845,45.65812599240952,-0.0027100271002710175,0
2026-03-27,1820.0,1825.0,1800.0,1805.0,28974140,1825.0,1864.1243835449218,51.78389412545872,-0.010869565217391353,0
2026-03-30,1780.0,1800.0,1780.0,1780.0,39889700,1819.0,1854.6955200195312,42.81724218167387,-0.02197802197802201,0
2026-03-31,1760.0,1790.0,1760.0,1775.0,49221091,1809.0,1846.26015625,26.883792594441047,-0.011235955056179803,1
2026-04-01,1855.0,1855.0,1830.0,1840.0,35537379,1811.0,1846.063409423828,47.13012716309646,0.05397727272727271,0
2026-04-02,1810.0,1865.0,1805.0,1865.0,25132417,1805.0,1841.8723510742188,44.45100257769703,-0.02425876010781669,1
2026-04-07,1860.0,1860.0,1835.0,1850.0,17953562,1813.0,1840.679669189453,52.22929936305732,0.027624309392265234,1
2026-04-08,1950.0,1950.0,1925.0,1935.0,46515921,1847.0,1847.9739807128906,57.54716981132075,0.048387096774193505,1
2026-04-09,1955.0,1955.0,1930.0,1945.0,31835073,1886.0,1853.5247924804687,55.0,0.002564102564102555,1
2026-04-10,2000.0,2000.0,1970.0,1975.0,28637625,1915.0,1856.8402404785156,65.30612244897961,0.023017902813299296,0
2026-04-13,1990.0,1995.0,1975.0,1985.0,28968757,1951.0,1862.396746826172,65.30612244897961,-0.0050000000000000044,1
2026-04-14,2055.0,2055.0,2010.0,2015.0,39113405,1990.0,1872.2,73.33333333333333,0.03266331658291466,1
2026-04-15,2080.0,2100.0,2060.0,2065.0,40343568,2016.0,1884.25,74.54545454545455,0.012165450121654597,1
2026-04-16,2085.0,2090.0,2055.0,2080.0,32038524,2042.0,1895.0,73.07692307692308,0.0024038461538462563,0
2026-04-17,2030.0,2060.0,2030.0,2055.0,39260244,2048.0,1901.25,66.66666666666666,-0.026378896882493952,0
2026-04-20,2025.0,2055.0,2025.0,2030.0,25407621,2055.0,1910.0,68.46846846846847,-0.0024630541871921707,1
2026-04-21,2050.0,2075.0,2045.0,2050.0,25783476,2054.0,1920.5,75.0,0.012345679012345734,0
2026-04-22,2050.0,2070.0,2040.0,2045.0,24762881,2048.0,1932.5,77.88461538461539,0.0,1
2026-04-23,2080.0,2135.0,2055.0,2090.0,48682193,2047.0,1946.0,74.72527472527473,0.014634146341463428,1
2026-04-24,2185.0,2190.0,2105.0,2110.0,45088050,2078.0,1963.0,86.40776699029126,0.05048076923076916,1
2026-04-27,2265.0,2330.0,2265.0,2280.0,68696037,2126.0,1984.25,87.1559633027523,0.03661327231121292,0
2026-04-28,2215.0,2280.0,2215.0,2245.0,47175356,2159.0,2004.0,76.23762376237624,-0.02207505518763797,0
2026-04-29,2180.0,2210.0,2165.0,2175.0,42895935,2185.0,2024.0,71.02803738317758,-0.015801354401805856,0
2026-04-30,2135.0,2215.0,2135.0,2205.0,48975164,2196.0,2042.75,62.61682242990654,-0.020642201834862428,1
2026-05-04,2275.0,2285.0,2195.0,2200.0,38390062,2214.0,2063.75,71.42857142857143,0.06557377049180335,0
2026-05-05,2250.0,2270.0,2240.0,2250.0,21625279,2211.0,2085.75,65.6,-0.01098901098901095,0
2026-05-06,2250.0,2285.0,2240.0,2250.0,31918664,2218.0,2105.25,64.16666666666666,0.0,1
2026-05-07,2310.0,2345.0,2310.0,2335.0,35034517,2244.0,2123.25,67.17557251908397,0.026666666666666616,0
2026-05-08,2290.0,2310.0,2265.0,2300.0,27102571,2275.0,2140.0,70.96774193548387,-0.008658008658008698,0
2026-05-11,2235.0,2275.0,2235.0,2265.0,37244077,2267.0,2151.75,65.67164179104478,-0.024017467248908297,1
2026-05-12,2255.0,2280.0,2210.0,2235.0,44459541,2268.0,2165.0,65.41353383458647,0.008948545861297452,0
2026-05-13,2220.0,2240.0,2205.0,2205.0,35350292,2262.0,2173.25,62.142857142857146,-0.01552106430155209,1
2026-05-14,2270.0,2270.0,2230.0,2250.0,31747100,2254.0,2182.75,63.19444444444445,0.022522522522522515,0
2026-05-15,2265.0,2325.0,2250.0,2310.0,29922154,2249.0,2191.75,56.45161290322581,-0.0022026431718061845,0
2026-05-18,2240.0,2260.0,2215.0,2225.0,25875079,2250.0,2202.25,47.78761061946902,-0.01103752759381893,0
2026-05-19,2205.0,2230.0,2205.0,2220.0,34824449,2240.0,2211.25,49.090909090909086,-0.015625,0
2026-05-20,2185.0,2210.0,2185.0,2205.0,29320253,2233.0,2218.0,50.46728971962617,-0.009070294784580546,1
2026-05-21,2230.0,2255.0,2230.0,2240.0,22964974,2225.0,2227.0,58.87850467289719,0.020594965675057253,1
2026-05-22,2255.0,2260.0,2225.0,2245.0,24437825,2223.0,2235.75,47.61904761904762,0.011210762331838486,1
2026-05-25,2310.0,2310.0,2275.0,2275.0,25215869,2237.0,2242.0,56.666666666666664,0.024390243902439046,0
2026-05-26,2270.0,2325.0,2270.0,2320.0,22586387,2250.0,2242.25,52.04081632653062,-0.017316017316017285,1
2026-05-27,2300.0,2330.0,2290.0,2310.0,31986652,2273.0,2246.5,48.913043478260875,0.013215859030837107,0
2026-05-28,2295.0,2360.0,2270.0,2350.0,36889432,2286.0,2252.25,50.56179775280899,-0.0021739130434782483,0
