Date,Close,High,Low,Open,Volume,MA5,MA20,RSI14,Return,Target_Up
2024-08-05,38.099666595458984,39.99564853915798,38.01566586569319,39.99564853915798,222308816,,,,,1
2024-08-06,40.19964599609375,40.895638402240046,38.59166088866543,40.15164715120041,252563844,,,,0.055118051896156484,1
2024-08-07,41.795631408691406,41.93963160865932,40.5596437302628,40.763643403204476,127298960,,,,0.03970147928050749,0
2024-08-08,40.931644439697266,41.37563837765142,40.559646945356896,41.0516433951569,103364420,,,,-0.02067170514893757,1
2024-08-09,42.20363235473633,42.45562722111881,41.87963372356264,41.99963267405995,93415024,40.646044158935545,,,0.03107590551151751,1
2024-08-12,42.73162841796875,43.15162475860182,42.53962935840671,42.53962935840671,70286956,41.5724365234375,,,0.012510678199317837,1
2024-08-13,42.83962631225586,43.0796242187671,42.71962735900024,43.03162536988034,43433840,42.100432586669925,,,0.0025273526492075593,1
2024-08-14,43.37961959838867,43.64361874818902,43.1876205496318,43.28362190504887,74857276,42.417230224609376,,,0.012604995248950868,0
2024-08-15,43.04362487792969,43.43961994854126,42.97162477543377,43.34362225326492,45926588,42.83962631225586,,,-0.0077454510567323,1
2024-08-16,44.0156135559082,44.07561303112731,43.76361868964982,43.91961586038856,52823660,43.202022552490234,,,0.02258147822668377,1
2024-08-19,44.07561492919922,44.327613468387014,43.95561597359336,44.039616707348465,37122372,43.47081985473633,,,0.0013631838441785504,1
2024-08-20,44.099613189697266,44.44760940490119,44.08761256253632,44.3036128652016,43139504,43.72281723022461,,,0.0005444793121229807,0
2024-08-21,43.63161849975586,43.931615871643515,43.5476177707964,43.91961524435255,46736568,43.773217010498044,,,-0.010612217570442062,0
2024-08-22,43.40361785888672,43.82361414691324,43.28361891945057,43.70361520747709,20872828,43.84521560668945,,,-0.005225582930654227,1
2024-08-23,43.42761993408203,43.52362129279074,42.93562349917239,42.95962475436891,31773940,43.72761688232422,,79.21056715336618,0.0005529971089817121,1
2024-08-26,43.49961471557617,44.01560868047499,43.391616404559784,43.77561080618216,45593952,43.61241683959961,,73.26568429432442,0.0016578108955411786,0
2024-08-27,43.307621002197266,43.41561932647658,43.1396232019764,43.295620374593476,21167864,43.45401840209961,,63.29120885385335,-0.004413687675954514,1
2024-08-28,43.91961669921875,43.91961669921875,43.163624761850045,43.31962193556822,21989684,43.511618041992186,,77.48349297087226,0.014131362629926869,0
2024-08-29,43.31962203979492,43.47561921388842,42.995623401813134,43.07962413375728,43063780,43.49481887817383,,61.71286954293585,-0.013661199812668223,1
2024-08-30,43.52362060546875,43.69161840295925,43.355619145900924,43.42761924827609,32202952,43.51401901245117,42.77242565155029,58.91893331592071,0.004709149250804456,0
2024-09-02,43.40361785888672,43.787612267836195,43.31961713645061,43.655612702041026,32057896,43.49481964111328,43.03762321472168,56.33420247409501,-0.002757186670424905,0
2024-09-03,43.21162414550781,43.559620380318,43.127623412725804,43.43962142610225,38411312,43.47562026977539,43.188222122192386,47.953248988917366,-0.004423449538310642,0
2024-09-04,41.09963607788086,41.71163139130995,40.79963873424669,41.03963660915402,119635984,42.911624145507815,43.153422355651855,33.46933585399701,-0.048875461392406616,1
2024-09-05,41.35163879394531,41.915631660219496,41.2196392168761,41.48363837101453,35275304,42.51802749633789,43.174422073364255,24.18609946527306,0.006131507237361555,1
2024-09-06,41.939632415771484,41.97563063541763,41.24363998071262,41.51963609687248,34331020,42.201229858398435,43.16122207641602,31.223630389862805,0.014219354757767588,0
2024-09-09,41.29164123535156,41.303641863292476,40.87164489196221,40.89564248576654,60735940,41.77883453369141,43.08922271728515,27.75668892126923,-0.01545056890332308,1
2024-09-10,41.36363983154297,41.61563469871919,41.075639419780394,41.61563469871919,37207812,41.409237670898435,43.01542339324951,30.831663798311993,0.0017436603156806285,0
2024-09-11,41.24363708496094,41.399634241911244,41.15963636224799,41.36363602479256,20056236,41.43803787231445,42.908624267578126,31.40497333368363,-0.002901165058750932,1
2024-09-12,42.791629791259766,42.87562686586173,42.2636351006273,42.2636351006273,62978008,41.726036071777344,42.896024513244626,45.66288159623314,0.03753288545115452,1
2024-09-13,42.81562423706055,43.04362517354305,42.6836283206684,42.95962444304135,18047504,41.90123443603515,42.83602504730224,45.30480632561763,0.0005607275515755461,1
2024-09-16,42.89962387084961,43.007622191535596,42.79162555016362,42.86362565131337,23507632,42.22283096313477,42.777225494384766,47.1571904576606,0.0019618920729491673,0
2024-09-18,42.68362808227539,42.98362545799541,42.3716300791111,42.83962525281886,36769256,42.48682861328125,42.70642623901367,40.88497138674287,-0.005034911010513232,1
2024-09-19,43.235618591308594,43.24761921827195,42.479626699620795,42.71962459057911,32440304,42.88522491455078,42.686626243591306,49.376083375501985,0.012932136602099575,1
2024-09-20,43.78761672973633,44.18361546747358,43.78761672973633,43.94361756414581,54531520,43.0844223022461,42.70582618713379,51.864393994498826,0.012767208066237767,1
2024-09-23,43.979610443115234,44.075608127955654,43.811612663606034,43.811612663606034,31601992,43.31721954345703,42.73342571258545,54.02683006576038,0.004384657757555477,1
2024-09-24,44.39961242675781,44.39961242675781,43.70361996706122,43.96761546532523,39809384,43.617217254638675,42.77842559814453,58.04876233324787,0.009549925054152641,1
2024-09-25,45.05960464477539,45.11960411833701,44.9636069519077,45.047604017647615,46692004,44.09241256713867,42.866024780273435,83.40083759337338,0.01486481935188766,1
2024-09-26,45.431602478027344,45.59960027293322,45.29960290271656,45.5036025792948,66903724,44.53160934448242,42.941624069213866,83.73017575020562,0.008255683470473674,0
2024-09-27,45.33559799194336,45.89959447383833,45.26360155772444,45.64759596784106,45613256,44.84120559692383,43.04242286682129,80.56149842769454,-0.002113165304490794,0
2024-09-30,44.14761734008789,44.927610592252265,44.14761734008789,44.77161340665047,52747800,44.87480697631836,43.073622703552246,73.42521816128134,-0.026204146509032133,0
2024-10-01,44.06361389160156,44.30361178063626,44.00361441934289,44.135610328650245,37640876,44.80760726928711,43.106622505187985,72.10213582385792,-0.0019027855532771643,0
2024-10-04,44.06361389160156,44.47160957054512,43.91961369334988,44.15961158238458,35462652,44.60840911865235,43.14922199249268,73.54711461523956,0.0,1
2024-10-07,45.155601501464844,45.16760212837039,44.591608657675835,44.591608657675835,53806008,44.553208923339845,43.352020263671875,71.36656863184534,0.02478207104277952,0
2024-10-08,44.93960189819336,44.963603150419694,44.51960561877099,44.86760180359128,37917328,44.47400970458985,43.53141841888428,68.5534402578344,-0.004783450913935394,1
2024-10-09,45.35960006713867,45.647596795466995,45.35960006713867,45.35960006713867,45188240,44.71640625,43.702416801452635,70.29702035405249,0.009345836438355182,1
2024-10-11,46.11559295654297,46.271593781808484,45.37160169708222,45.37160169708222,49226984,45.12680206298828,43.943614387512206,75.99996532062528,0.016666656855115924,1
2024-10-14,46.15159606933594,46.29559260949027,45.82759744535348,46.10359722261783,40439036,45.54439849853516,44.18301219940186,73.96449370231592,0.0007807145150859895,1
2024-10-15,47.135581970214844,47.183584475675886,46.31959064645524,46.31959064645524,59070828,45.94039459228516,44.47760944366455,75.69057118519538,0.021320733943862136,0
2024-10-16,46.3195915222168,46.87158738676226,45.99559291461398,46.18759195385724,71201552,46.216392517089844,44.654007530212404,66.38656360127628,-0.017311559842703828,1
2024-10-17,46.39159393310547,46.583592981923154,46.055594682155196,46.55959172754197,38164820,46.4227912902832,44.83280601501465,64.66430698480062,0.001554469901880129,1
2024-10-18,47.543582916259766,48.04757628210284,47.339583247321315,47.83157964846682,129283608,46.70838928222656,45.06500396728516,67.05107256577844,0.024831847442349453,0
2024-10-21,47.531585693359375,47.98758024683588,47.51958506572528,47.77158359773173,52918584,46.98438720703125,45.30740184783936,65.1646660070036,-0.0002523415814394969,0
2024-10-22,47.351585388183594,47.351585388183594,46.88359022562313,47.32758413386675,33857660,47.027587890625,45.513200187683104,64.38361384082518,-0.0037869619233201757,0
2024-10-23,47.03958511352539,47.25558174360361,46.95558438956326,47.20758289937256,37794896,47.17158660888672,45.67579860687256,73.5811413576998,-0.00658901432973058,0
2024-10-24,46.75159454345703,47.207589116824046,46.67959443658919,47.03959130885081,32493848,47.243586730957034,45.81439781188965,71.21217777049938,-0.006122302511242905,1
2024-10-25,47.135581970214844,47.17158384931062,46.7995864044496,46.7995864044496,50566572,47.16198654174805,45.9511962890625,72.85716069818822,0.008213354656831706,0
2024-10-28,47.05158996582031,47.55558336862564,46.787590805724136,47.495583892429,45978476,47.06598739624023,46.050795555114746,66.59674304169772,-0.001781923567796495,0
2024-10-29,45.9595947265625,46.37959102301934,45.647596745350576,46.37959102301934,96980096,46.78758926391602,46.077195167541504,57.741381656470665,-0.02320846628245865,1
2024-10-30,46.031593322753906,46.57158854344349,45.9595932275799,46.307589415164465,56626752,46.58599090576172,46.111994934082034,55.38462573031846,0.0015665629042154183,0
2024-11-01,45.719600677490234,45.73160130509665,44.627609482699,44.67560833104729,78483628,46.37959213256836,46.19059410095215,46.583873415705355,-0.006777793744311977,1
2024-11-04,46.307594299316406,46.36759377461018,45.791600276620926,45.85159975191469,29118288,46.21399459838867,46.30279312133789,51.22873584492941,0.012860865211267392,1
2024-11-05,46.475589752197266,46.72758826812873,45.93559450180577,45.9715963824115,40432828,46.098794555664064,46.42339191436768,44.034696837109806,0.0036278164612697505,1
2024-11-06,46.84758758544922,47.531583039552196,46.439591903211124,46.57159147566153,66825504,46.27639312744141,46.50799121856689,55.18870930617025,0.008004155197070206,1
2024-11-07,47.38758087158203,47.531581065014514,46.67958785503926,46.775585542609555,53994208,46.54759063720703,46.63039016723633,58.963288869114805,0.011526597504041725,1
2024-11-08,47.759578704833984,47.99957658777284,47.687578607536906,47.8555763931787,51800604,46.95558624267578,46.750389099121094,52.26129449145436,0.007850112337661752,1
2024-11-11,47.78358459472656,47.78358459472656,47.23158867798782,47.72358511816969,49456052,47.25078430175781,46.83378868103027,52.63159991395314,0.0005026403193575391,0
2024-11-12,46.55958938598633,47.00358693516806,46.55958938598633,46.84758611369042,105088348,47.267584228515624,46.85418834686279,43.20983616637025,-0.025615391124828135,0
2024-11-13,46.25959014892578,46.55958749100701,46.19959068050954,46.52358927478804,36778360,47.149984741210936,46.81038875579834,43.298937313072834,-0.006443339406915882,0
2024-11-14,45.839595794677734,46.19959262029039,45.62359916414098,46.15159377595745,48586460,46.84038772583008,46.78638896942139,42.33864119236156,-0.009079076422768506,1
2024-11-15,46.163597106933594,46.2835960558343,45.80360026023146,46.091597005177704,29542324,46.52119140625,46.77498912811279,41.75158947000401,0.007068153779258957,0
2024-11-18,45.51559829711914,46.00759470320711,45.50360133230106,45.94759523080803,53578064,46.06759414672852,46.673589897155765,38.10407878557615,-0.014037008604711354,1
2024-11-19,46.13959503173828,46.307592824796004,45.64759861757998,45.76759756434653,30473284,45.983595275878905,46.603990364074704,51.50301839577806,0.013709514055945782,0
2024-11-20,45.94759750366211,45.94759750366211,45.94759750366211,45.94759750366211,312000,45.92119674682617,46.53379096984863,49.31240690372323,-0.004161231322990622,0
2024-11-21,45.443603515625,45.63559890463564,45.26360509186954,45.599600684715476,63506468,45.84199829101563,46.45399188995361,47.80953280569083,-0.010968886632145236,1
2024-11-22,46.33159637451172,46.367594595494346,45.863601191350476,45.863601191350476,31862348,45.87559814453125,46.43299198150635,50.18183499601188,0.01954054674782557,0
2024-11-25,46.163597106933594,46.739590596826076,46.13959585232253,46.727589969520544,31306652,46.00519790649414,46.384392738342285,47.636406512532794,-0.0036260194062845974,0
2024-11-26,45.563602447509766,45.67160076930661,45.31160392193227,45.623601922072154,45563288,45.88999938964844,46.30999336242676,40.597594626318994,-0.012997138373641026,0
2024-11-27,44.90360641479492,45.467599255669505,44.879605161107854,45.39559915668545,56290744,45.681201171875,46.25719394683838,32.124442794889774,-0.014485159145947057,0
2024-11-28,44.83160400390625,44.90360409917736,44.507605406224755,44.879602846728,52436456,45.55880126953125,46.197194480895995,27.978424593667967,-0.0016034883751553375,1
2024-11-29,44.93960189819336,45.119600303660086,44.27960774481535,44.38760605568,32512880,45.28040237426758,46.15819454193115,28.877009286904666,0.0024089678851932916,1
2024-12-02,46.007598876953125,46.007598876953125,45.239606292988974,45.239606292988974,42176312,45.249202728271484,46.14319477081299,45.802967661320686,0.023765163322523764,1
2024-12-03,46.631595611572266,46.76359519722266,46.49959602592188,46.631595611572266,39812424,45.46280136108398,46.150995063781735,52.69570755585386,0.013562905907956946,1
2024-12-04,46.907588958740234,46.907588958740234,46.57159336259589,46.727590533217764,25820996,45.86359786987305,46.15399513244629,57.90408315142454,0.00591859110863191,1
2024-12-05,47.159584045410156,47.183585298559265,46.95558437987399,46.9795856330231,29784812,46.329193878173825,46.142595291137695,57.45058379438384,0.005372160289278005,0
2024-12-06,46.97958755493164,47.207584820867076,46.799589135180945,47.15958597468234,27238024,46.73719100952148,46.10359573364258,61.776070069237065,-0.0038167531398325405,1
2024-12-09,47.03958511352539,47.099584584333456,46.96758501614029,47.0755833311794,18559456,46.94358825683594,46.06639575958252,57.961764954020076,0.0012770984531014218,0
2024-12-10,46.70359802246094,47.14759198981663,46.69159739370479,46.97959417346373,17909228,46.95798873901367,46.07359619140625,56.521810670336606,-0.007142645715381701,0
2024-12-11,46.295589447021484,46.61958804887148,46.223593012901055,46.31959069977964,26858756,46.83558883666992,46.07539615631104,57.47361982159122,-0.008736127251763981,1
2024-12-12,46.83558654785156,46.97958674600351,46.66758875805906,46.77558707563444,20108964,46.770789337158206,46.12519569396973,54.708464244781126,0.01166411546499524,1
2024-12-13,46.87158966064453,46.94358976161333,46.58359291884659,46.71558883153259,18081708,46.74918975830078,46.16059532165527,56.78158584371907,0.00076871275554935,1
2024-12-16,47.0635871887207,47.435580984566535,46.97958646329137,47.27958382257165,29374368,46.753990173339844,46.23799476623535,65.58598667541865,0.004096245283470301,1
2024-12-17,47.3035888671875,47.531586146097425,47.219588135026115,47.3035888671875,37176916,46.87398834228516,46.29619445800781,77.32238135233283,0.005099519454486279,0
2024-12-18,47.3035888671875,47.483587297181245,46.94359200720001,47.231588762774514,26215508,47.07558822631836,46.36399402618408,78.6111400551369,0.0,0
2024-12-19,46.65559005737305,46.75159141413015,46.45159404065918,46.64359309209606,52180188,47.039588928222656,46.42459335327148,67.65430780871766,-0.013698724036220855,0
2024-12-20,46.22359848022461,46.49959460920309,46.07959827079739,46.49959460920309,44493576,46.90999069213867,46.41919345855713,52.5568348585326,-0.009259160083865847,1
2024-12-23,47.33958435058594,47.351584977640314,46.679590145444685,46.72758899158497,44704264,46.96519012451172,46.47799282073974,57.5063154241951,0.02414320622049293,1
2024-12-24,47.471588134765625,47.78358615546756,47.399588028130175,47.63958594219665,32783608,46.99878997802735,46.57339210510254,56.168018202556006,0.002788444089455888,1
2024-12-25,47.615577697753906,47.63957895046908,47.38758044526782,47.63957895046908,23624492,47.061187744140625,46.70899066925049,55.10750299094172,0.0030331734969455404,0
2024-12-26,47.57958221435547,47.63958168751355,47.51958274119739,47.615580433419424,19214244,47.24598617553711,46.846389579772946,56.94445057666954,-0.0007559602369401341,1
2024-12-27,47.73558044433594,47.771582326280026,47.35158600480671,47.4235861066176,27949668,47.54838256835937,46.98618850708008,57.880456143957794,0.0032786801127775433,0
2024-12-30,47.471588134765625,47.67558416447561,47.43558625040912,47.55558520744237,34709064,47.57478332519531,47.0593879699707,58.839739221458025,-0.005530304798077257,0
2024-12-31,46.97958755493164,47.255583667051816,46.94358933581239,47.207584820867076,31346136,47.476383209228516,47.07678756713867,57.72363326849087,-0.010364106177304655,0
2025-01-02,46.57159423828125,46.9555886893697,46.37959518169833,46.9555886893697,51190808,47.26758651733398,47.05998783111572,46.92742936603922,-0.008684480598586286,1
2025-01-03,47.03958511352539,47.267582370180634,46.84758607452416,47.03958511352539,28453484,47.15958709716797,47.05398788452148,51.776624353215794,0.010048848077858219,1
2025-01-06,48.51557159423828,48.55157347468447,47.66358202150229,47.675578986240545,98511172,47.31558532714844,47.13078708648682,62.075862108349604,0.03137754036628393,1
2025-01-07,49.05556869506836,49.43956679520181,49.01957047533966,49.187568270869065,63775376,47.632381439208984,47.23158626556396,63.8783343496715,0.011130387277436649,0
2025-01-08,48.32358169555664,48.80357752600835,48.25158158857337,48.6355760556882,47422868,47.901180267333984,47.31258544921875,57.240245023203116,-0.01492158829228507,0
2025-01-09,47.771583557128906,48.275576958636044,47.75958292950501,48.04757968209157,33722620,48.141178131103516,47.386385154724124,58.031144978485784,-0.011422955812865343,0
2025-01-10,47.759578704833984,47.89157827286577,47.51958082189512,47.759578704833984,33285296,48.285176849365236,47.43258476257324,61.76469213256228,-0.0002512969301209367,0
2025-01-13,46.65559005737305,47.759581856577114,46.58359361740187,47.759581856577114,83504716,47.91318054199219,47.42178478240967,44.751365689934666,-0.02311554409396821,1
2025-01-14,46.9435920715332,47.01558851396742,46.57159458328751,46.72759175799823,43511100,47.49078521728516,47.415785026550296,46.04315024828402,0.00617293691508336,0
2025-01-15,46.58359146118164,47.03958598291991,46.499590735667,47.03958598291991,69536468,47.14278717041016,47.37978515625,42.5087407116958,-0.007668791297499977,1
2025-01-16,47.531585693359375,47.879581922283805,47.375584858270905,47.495583810457084,62348392,47.09478759765625,47.3911849975586,49.69232740550475,0.020350389535072733,1
2025-01-17,47.762733459472656,48.01821494247354,47.300432749115785,47.93305321057587,60550264,47.095418548583986,47.44654216766357,50.17239825886962,0.004863035026950069,1
2025-01-20,48.24936294555664,48.33452096388721,47.96954848126226,47.96954848126226,29670284,47.4141731262207,47.54783039093017,54.80243022203547,0.010188476471868935,1
2025-01-21,48.34668731689453,48.468344810753194,47.86005734145987,48.0060478191671,42450952,47.69479217529297,47.598185539245605,58.87376213720846,0.0020171120486649485,1
2025-01-22,48.97930908203125,49.07663359464836,48.735994087796314,48.735994087796314,51457596,48.17393569946289,47.67357158660889,65.1855074025884,0.013085110898914731,0
2025-02-03,46.88679504394531,46.95979027914557,46.38799860155073,46.78947053880622,223159112,48.04497756958008,47.637132453918454,49.20023593768657,-0.04272240824347617,1
2025-02-04,47.16660690307617,47.33692663406169,46.97195419079628,47.117940940487436,77136476,47.92575225830078,47.61648368835449,41.928188375064664,0.005967817993714375,1
2025-02-05,47.88439178466797,48.12770677980075,47.628910297240125,47.628910297240125,60958500,47.85275802612305,47.623924255371094,43.13801832472318,0.015218073309084756,1
2025-02-06,48.09120178222656,48.273688007627406,47.95738152041935,48.17636350582366,44838828,47.80166091918945,47.65490493774414,48.54919108418297,0.0043189438113488965,1
2025-02-07,48.31018829345703,48.32235478456022,47.957382327615484,48.09120259167509,22434376,47.66783676147461,47.72143497467041,53.508541745563626,0.0045535670375240755,0
2025-02-10,47.762733459472656,48.2250304571374,47.71407120382775,48.2250304571374,65528040,47.84302444458008,47.78099193572998,50.01921037239318,-0.011332078249393196,1
2025-02-11,48.05471420288086,48.29802921150304,47.933056698569764,48.05471420288086,19842444,48.02064590454101,47.83174839019775,59.45473855703695,0.006113149777241089,0
2025-02-12,47.98171615600586,48.33452215536848,47.93305389966139,48.176368894075914,27301116,48.0401107788086,47.80505561828613,57.22519166253376,-0.001519061097040586,0
2025-02-13,47.774898529052734,48.03037629175461,47.580245799576815,48.00604702100263,56673980,47.97685012817383,47.74102210998535,58.471967368056674,-0.004310342428784475,0
2025-02-14,47.20310592651367,47.48291666728994,47.08144843701235,47.48291666728994,92217264,47.75543365478516,47.6849983215332,47.53196219166366,-0.011968473406413271,1
2025-02-17,47.9208869934082,47.9208869934082,47.385594752859134,47.385594752859134,46591960,47.78706436157226,47.69246349334717,51.10731491823673,0.015206225370253845,1
2025-02-18,48.09120178222656,48.15203052402685,47.83572403681878,48.15203052402685,32278676,47.7943618774414,47.7090446472168,48.84130899302511,0.0035540825619899685,0
2025-02-19,48.00605010986328,48.15203688184446,47.933054867526565,48.09120813201257,47313232,47.79922866821289,47.77656764984131,47.50002799646125,-0.0017706289135562825,0
2025-02-20,47.82356262207031,47.920887134204406,47.47075662471904,47.920887134204406,55359052,47.80896148681641,47.820566177368164,40.91777881698383,-0.0038013435259793837,1
2025-02-21,48.16419982910156,48.16419982910156,47.66540337465682,47.811393848584245,33879192,48.001180267333986,47.89959659576416,63.85228378351546,0.007122790280664759,0
2025-02-24,47.738399505615234,47.78706176027168,47.568079757971645,47.72623301377811,49672024,47.96468276977539,47.90993728637695,56.010268122787636,-0.008840597892151636,0
2025-02-25,47.11794662475586,47.215274848983235,46.8624688538028,47.2031083568683,106710684,47.77003173828125,47.87769794464111,41.77539663891552,-0.01299693511481037,1
2025-02-26,47.37342834472656,47.37342834472656,46.69214562250482,46.93546061524886,73176320,47.643507385253905,47.83390121459961,42.37731018222183,0.005422174315136141,0
2025-02-27,46.838138580322266,47.43425960153335,46.80164281455739,47.43425960153335,74694820,47.4464225769043,47.758473777770995,35.35110889079033,-0.011299367242520564,0
2025-03-03,45.7553825378418,45.98653102532488,45.45123881412933,45.93786877206927,221959024,46.96465911865234,47.59727745056152,31.947445303553536,-0.02311697422867609,0
2025-03-04,45.45124053955078,45.56073154170538,44.928111087291114,45.013272818240296,114655652,46.50722732543945,47.525499725341795,26.637483132405563,-0.006647130488734887,1
2025-03-05,46.04736328125,46.10819203063078,45.7432195343461,45.7432195343461,51369564,46.29311065673828,47.469537544250485,34.13171441535886,0.013115653932052496,0
2025-03-06,45.76755142211914,46.071695161732656,45.58506517835103,46.071695161732656,56890884,45.9719352722168,47.363695526123045,33.727789425509144,-0.006076609803297828,0
2025-03-07,45.34174728393555,45.49990053333294,45.207923304534425,45.451238280648504,68483412,45.67265701293945,47.22622280120849,34.5454315106674,-0.009303625056458764,0
2025-03-10,45.074100494384766,45.34174846012997,44.85511849527832,45.34174846012997,79006576,45.536400604248044,47.064418411254884,24.454074926059818,-0.005902877713881316,0
2025-03-11,44.283329010009766,44.307661994542684,43.57771701086121,43.97918526680915,134191768,45.302818298339844,46.89044818878174,19.253441623765085,-0.017543810651829084,1
2025-03-12,44.47798156738281,44.86728332948169,44.186004317635614,44.307661814421294,51035508,44.9889419555664,46.71161155700683,22.007707049783477,0.004395617080392711,0
2025-03-13,44.06434631347656,45.22009251963282,44.05217982139965,45.06193554801722,52268912,44.64830093383789,46.51574306488037,21.229040493101678,-0.00929977573913976,0
2025-03-14,43.91835403442383,44.07650728686713,43.6872055452021,44.06434450798069,49198232,44.36362228393555,46.32291584014892,16.50674696054257,-0.003313161121559327,1
2025-03-17,44.29549789428711,44.64830391291334,44.186006883360676,44.41715539813701,43897376,44.20790176391601,46.177535438537596,22.630651961902174,0.008587386029259347,1
2025-03-18,44.47798156738281,44.73346305317117,44.36849056281413,44.550976807992654,30603120,44.246832275390624,46.00539016723633,27.44288287395608,0.004119688947423317,0
2025-03-19,43.930519104003906,44.44147831952963,43.82102810872638,44.4293155410369,46763368,44.13733978271485,45.797356033325194,21.980232692429496,-0.012308617524595111,1
2025-03-20,44.87944793701172,44.87944793701172,44.39281797030475,44.39281797030475,30658212,44.300360107421874,45.641025924682616,35.064931287380645,0.021600674254753427,0
2025-03-21,44.51447296142578,44.76995442213393,44.404981967605664,44.76995442213393,28538176,44.41958389282227,45.47557144165039,39.37499714203405,-0.008132341023850853,0
2025-03-24,44.46581268310547,44.86728091582416,44.35632168442691,44.86728091582416,29239460,44.45364685058594,45.29065208435058,41.1764705882353,-0.001093133874964236,1
2025-03-25,44.9281120300293,45.13493125942157,44.7699587694532,44.9281120300293,31256652,44.54367294311523,45.150137710571286,39.73214441944211,0.010396736706883125,0
2025-03-26,44.89161682128906,45.110598832901395,44.733463558757066,45.06193657617556,26915048,44.73589248657227,45.03882122039795,41.58879565939496,-0.0008123023000797813,0
2025-03-27,44.04001235961914,44.18600283594331,43.90618837510399,44.16166985232527,69966552,44.56800537109375,44.87215042114258,38.44494620043993,-0.01897023368661699,0
2025-03-28,43.602046966552734,43.62637995146729,43.31006971103923,43.58988047409546,78993236,44.38552017211914,44.7103458404541,37.31659698666877,-0.009944715489407563,0
2025-03-31,42.03266143798828,42.39763389620526,41.89883746077036,42.23948064938797,146065632,43.8988899230957,44.52420978546142,32.90203894980088,-0.035993391084788606,1
2025-04-01,42.89643096923828,42.95725971317858,42.239481277221415,42.239481277221415,47284600,43.4925537109375,44.396469306945804,39.093959554997646,0.020549960475958473,0
2025-04-02,42.82343673706055,43.15191344710911,42.82343673706055,43.030255956378824,41725300,43.0789176940918,44.23527297973633,41.02112277575455,-0.001701638820023943,0
2025-04-07,38.54109191894531,38.54109191894531,38.54109191894531,38.54109191894531,92658524,41.97913360595703,43.87395000457764,25.660815732703185,-0.10000002672389852,0
2025-04-08,37.288021087646484,38.309943272143094,36.63107137709095,36.789224630721954,321307308,40.71632843017578,43.47126369476318,20.612236017451863,-0.03251259289524355,0
2025-04-09,35.57265090942383,37.507004343582395,35.28067366302685,37.10553609387307,300494796,39.42432632446289,42.99619121551514,16.907785791298735,-0.04600325059328392,1
2025-04-10,39.12504959106445,39.12504959106445,39.12504959106445,39.12504959106445,22371068,38.670050048828124,42.73827724456787,35.40281611018784,0.09986319801371701,1
2025-04-11,40.03748321533203,40.03748321533203,37.798986001324124,38.26128300727313,189919436,38.11285934448242,42.51625232696533,35.25927488135808,0.02332095764233766,0
2025-04-14,39.830657958984375,41.04723275133387,39.78199570982872,40.99857050217822,175434800,38.37077255249024,42.304567909240724,35.60209890678421,-0.005165790647611246,1
2025-04-15,40.23213195800781,40.268627718597486,39.73333552469528,39.915821753027295,73965868,38.9595947265625,42.12025680541992,37.26209260719003,0.010079522146906328,0
2025-04-16,39.502193450927734,39.85499947371406,39.2710412207334,39.85499947371406,98068248,39.74550323486328,41.880591583251956,33.93374391347545,-0.018143172423523257,0
2025-04-17,39.0642204284668,39.24670666181744,38.79657246780908,39.24670666181744,72955972,39.73333740234375,41.609903526306155,33.145682745612305,-0.011087308936528206,1
2025-04-18,39.14937973022461,39.36836544506029,39.07638820463809,39.271037223124864,44335540,39.55571670532227,41.370846557617185,35.198831284340386,0.002179982112116008,0
2025-04-21,38.589759826660156,39.112885582657704,38.565426841998416,39.112885582657704,62867512,39.30753707885742,41.05636215209961,34.941536385242586,-0.0142944768836889,0
2025-04-22,37.944969177246094,38.419432630562675,37.944969177246094,38.33427461789612,75640860,38.85010452270508,40.72788696289062,36.99691439371986,-0.016708853652118383,1
2025-04-23,39.62384796142578,39.68467670947053,39.00339398883092,39.00339398883092,63235952,38.87443542480469,40.48578872680664,40.10303874070221,0.04424509547859734,0
2025-04-24,39.392696380615234,39.91582584980707,39.2467096105813,39.87932637277944,53776468,38.940130615234374,40.20901794433594,39.723047894691376,-0.0058336479848088985,1
2025-04-25,40.32946014404297,40.62143739349761,40.268631395711076,40.438951148501936,70563724,39.17614669799805,39.98091011047363,56.70009209571781,0.023780138185430344,1
2025-04-28,40.67009735107422,40.75525907900265,40.584939335837745,40.584939335837745,48371852,39.59221420288086,39.81241436004639,63.60075413925191,0.008446361687327597,1
2025-04-29,40.82825469970703,40.8769169535419,40.51194448074242,40.670097733878734,43388416,40.168871307373045,39.6737247467041,74.16102592269525,0.0038887870679915615,1
2025-04-30,41.02290725708008,41.120231764344936,40.755259293063766,40.8404210214395,37552524,40.448683166503905,39.62323703765869,62.62132671171505,0.004767594373179085,1
2025-05-02,42.215152740478516,42.215152740478516,41.72852273770643,41.85018023839945,57160960,41.01317443847656,39.5891731262207,63.96252156638877,0.029062920283219773,0
2025-05-05,41.838008880615234,42.4827957869239,41.33921244323845,42.4827957869239,127935288,41.314884185791016,39.53990173339844,62.59540230655407,-0.008933850415792866,0
2025-05-06,41.60686111450195,41.87450907458429,41.20539288707037,41.35137964582189,116316784,41.502236938476564,39.69319019317627,58.81433296139888,-0.005524827120068299,0
2025-05-07,41.44871139526367,41.97183715589797,41.351383168446255,41.801517399832775,53137384,41.62632827758789,39.90122470855713,63.46797045570679,-0.0038010490337893055,1
2025-05-08,41.99617004394531,42.1421568147965,41.75285504650112,41.86234605281256,39311228,41.820980834960935,40.2224006652832,69.98341720066331,0.013208098159215531,1
2025-05-09,42.519290924072266,42.567953175438426,41.93533648229477,42.0204944940126,51888384,41.88180847167969,40.392112731933594,71.67447050521963,0.012456394942194748,1
2025-05-12,42.99375534057617,43.06675057561559,42.70177811311038,42.70177811311038,53767756,42.11295776367187,40.5399263381958,78.63916930406045,0.011158803596964306,1
2025-05-13,43.516883850097656,44.064342532352605,43.516883850097656,44.00351378987983,79922716,42.49496231079102,40.72423763275147,86.81670842428429,0.01216754631870387,1
2025-05-14,44.5023078918457,44.5023078918457,44.12517264694058,44.24683013566918,90203212,43.105681610107425,40.93774642944336,85.48669865168976,0.022644637082529506,0
2025-05-15,44.40498352050781,44.50230802670887,44.28332603141053,44.50230802670887,45677800,43.58744430541992,41.18288593292236,87.1841399408989,-0.0021869511031746836,1
2025-05-16,44.526641845703125,44.57530409971741,44.210331625572294,44.34415560863057,37815732,43.988914489746094,41.45600700378418,85.42096981060158,0.0027397448563206694,0
2025-05-19,43.90618896484375,44.44148119740226,43.88185969359096,44.44148119740226,37940744,44.17140121459961,41.693847465515134,76.07846392208941,-0.013934418926300651,1
2025-05-20,43.99134826660156,44.380649999376374,43.91835303149007,44.24682973314584,21364336,44.26629409790039,41.96392688751221,75.79366955673459,0.0019395739818366398,1
2025-05-21,44.672630310058594,44.733459053012,44.01567691600834,44.01567691600834,54450212,44.300358581542966,42.30030994415283,77.57354700039369,0.015486727965877467,0
2025-05-22,44.186004638671875,44.29549564403607,43.9426896433327,44.29549564403607,33358772,44.25656280517578,42.52841777801514,66.66670967916761,-0.01089315019082615,0
2025-05-23,44.003517150878906,44.4779806358678,43.845360180754554,44.465814143905604,26094416,44.151937866210936,42.75895881652832,68.93627298254931,-0.004129983900677314,0
2025-05-26,43.95485305786133,44.16167229196395,43.86969503587785,43.95485305786133,55195720,44.16167068481445,42.94022846221924,71.20887178582456,-0.0011059137125498664,0
2025-05-27,43.565547943115234,43.954849683782236,43.31006647139167,43.954849683782236,48275072,44.07651062011719,43.08500099182129,68.35442703027385,-0.008856931320726291,1
2025-05-28,43.63854217529297,44.125172124445086,43.38306070944973,44.01567741573236,32309448,43.869692993164065,43.225515365600586,65.51723143683009,0.0016755035945614782,1
2025-05-29,43.73586654663086,44.21033000306846,43.62637555094401,44.16166775084007,36265824,43.77966537475586,43.36116333007813,62.50001959754482,0.0022302388321531197,0
2025-06-02,42.79910659790039,43.32223607041852,42.6409533345183,43.31006957799861,70595756,43.53878326416016,43.39036102294922,48.17354376751252,-0.02141857524948554,1
2025-06-03,43.103248596191406,43.50472055360678,43.06675283310459,43.188410326983416,28229464,43.36846237182617,43.45362300872803,45.952374553175474,0.007106269790826403,1
2025-06-04,44.113006591796875,44.113006591796875,43.58987715747511,43.62637663206981,45804932,43.4779541015625,43.57893028259277,46.20855070213124,0.023426494022881883,1
2025-06-05,44.19816589355469,44.44148088050008,44.1616701305897,44.2833276240624,40696376,43.58987884521484,43.716403007507324,47.980995678669366,0.0019304805620219412,1
2025-06-06,44.27116012573242,44.38065112483031,44.161669126634536,44.25899363412333,32768028,43.696937561035156,43.83015251159668,47.48200032333622,0.0016515217476111843,1
2025-06-09,44.696964263916016,44.782125998052564,44.53881100073925,44.62396902218358,52629020,44.07650909423828,43.939036178588864,58.104763699516525,0.009618093064972522,1
2025-06-10,45.901371002197266,45.96219974919869,44.98893979717592,44.98893979717592,116037804,44.63613357543945,44.08441696166992,65.92294037320728,0.026946052335226955,0
2025-06-11,45.901371002197266,45.901371002197266,45.901371002197266,45.901371002197266,0,44.99380645751953,44.2036413192749,61.556079671715445,0.0,0
2025-06-12,45.901371002197266,45.901371002197266,45.901371002197266,45.901371002197266,0,45.33444747924805,44.27359447479248,67.75815237780813,0.0,0
2025-06-13,45.901371002197266,45.901371002197266,45.901371002197266,45.901371002197266,0,45.66048965454102,44.34841384887695,70.4188333408577,0.0,0
2025-06-16,45.901371002197266,45.901371002197266,45.901371002197266,45.901371002197266,0,45.901371002197266,44.41715030670166,71.16402379743643,0.0,0
2025-06-17,45.901371002197266,45.901371002197266,45.901371002197266,45.901371002197266,0,45.901371002197266,44.51690940856933,77.74569669419839,0.0,1
2025-06-18,46.2979736328125,46.44396410442436,45.87947157439656,46.22984573611148,244697327,45.980691528320314,44.63224067687988,79.3344363225688,0.008640322107072773,0
2025-06-19,45.84054183959961,46.278509556577596,45.76268297474354,46.229847301956056,166284920,45.96852569580078,44.690636253356935,71.50674444096217,-0.009880168770252551,0
2025-06-20,45.77241516113281,45.898939996676305,45.441506623113625,45.840543061958044,80561608,45.94273452758789,44.76995677947998,86.94078270752308,-0.0014861665183883987,0
2025-06-23,45.39284133911133,45.412306982718896,45.04246717955895,45.2955168337654,101938627,45.8410285949707,44.8394229888916,77.92283436287221,-0.008292632597280858,1
2025-06-24,46.22011184692383,46.22011184692383,46.035190099553844,46.035190099553844,54574616,45.90477676391602,44.95268592834473,76.89438755885347,0.018224691017517447,1
2025-06-25,46.89166259765625,46.89166259765625,46.609416333692266,46.61915101186587,77814637,46.02351455688476,45.118991661071775,79.902747168047,0.014529405574710053,1
2025-06-26,46.9500617980957,47.154445497318,46.88193018566285,47.00845501919231,77281242,46.245418548583984,45.28456764221191,79.83740763149129,0.001245406906138724,1
2025-06-27,46.99872589111328,47.076584759850775,46.7164796024689,47.027922502803314,94190611,46.49068069458008,45.44771060943604,77.98816820555446,0.001036507539156295,1
2025-06-30,47.06685256958008,47.125245791441664,46.950062413164765,47.07658353565963,59086358,46.82548294067383,45.66109790802002,69.58301391919228,0.001449543092394201,1
2025-07-01,47.33936309814453,47.83572774886,47.08631714620343,47.08631714620343,74674904,47.04933319091797,45.87290363311767,72.13482855770506,0.005789860882700726,1
2025-07-02,47.34909439086914,47.44641889326579,47.08631377916804,47.27123181879839,75071035,47.14081954956055,46.03470802307129,72.2180591104627,0.0002055645046266097,1
2025-07-03,48.001182556152344,48.273694166121786,47.942785620005075,48.03037916787986,61179330,47.351043701171875,46.22485885620117,76.85128726452508,0.013771924757423726,0
2025-07-04,47.55348205566406,48.166636867645785,47.52428544503849,48.07904332307697,73712387,47.46199493408203,46.38897495269775,68.95589413191055,-0.009326863978081246,0
2025-07-07,47.27123260498047,47.51454757771052,47.14470777960712,47.51454757771052,78503277,47.50287094116211,46.51768836975098,64.76135667629927,-0.005935410793960427,0
2025-07-08,47.0571174621582,47.212838906857506,46.92086166213283,47.154445685527826,50214875,47.44642181396485,46.57547569274902,58.515280479445316,-0.0045295020041365985,1
2025-07-09,47.54374694824219,47.68000645954763,46.97925810931647,47.057116974513235,38540142,47.48535232543945,46.65759449005127,68.98044587054093,0.01034125149028342,1
2025-07-10,48.08877182006836,48.14716875101337,47.68000444152898,47.6897354070072,53089295,47.50287017822266,46.766964530944826,73.33327185100988,0.011463649939486453,1
2025-07-11,48.293155670166016,48.30289034836856,47.96224715242608,48.04010972727873,44752569,47.650804901123045,46.88655376434326,80.28451430856666,0.004250136619466716,0
2025-07-14,48.01091766357422,48.263963630419084,47.89412379023758,48.263963630419084,62300823,47.7987419128418,46.99203109741211,71.10101268895212,-0.00584426514844949,1
2025-07-15,48.66299819946289,48.76032271078497,48.01091580568231,48.030377737793025,68008041,48.11991806030274,47.13011245727539,70.96780311411467,0.013581921938213837,1
2025-07-16,49.05229949951172,49.344276721345,48.80898452920202,48.80898452920202,90231230,48.42162857055664,47.26782875061035,73.07694562509161,0.007999944813370075,1
2025-07-17,49.34428024291992,49.44160475291288,48.95497477756395,49.24695202023489,88235423,48.67273025512695,47.44301567077637,74.44222453488567,0.005952437426732793,1
2025-07-18,50.07422637939453,50.220213147805055,49.928235898291845,50.02556412325769,105861549,49.028944396972655,47.65810623168945,77.54015402769927,0.014792922966575084,0
2025-07-21,49.888004302978516,50.08402489856565,49.74098511743497,50.08402489856565,75792981,49.404361724853516,47.88286437988281,73.71406301355665,-0.0037189206879618686,0
2025-07-22,49.54496383666992,50.28005233198803,49.44695353283554,49.888007377797095,88841474,49.58075485229492,48.049106979370116,69.23838412465844,-0.006876211448051728,1
2025-07-23,49.69198226928711,49.838997722784306,49.54496307693654,49.59396822810227,63766890,49.70869140625,48.18912296295166,66.251654560721,0.0029673739010456224,1
2025-07-24,49.98601531982422,50.08402561902767,49.789990982564056,49.98601531982422,79659820,49.83703842163086,48.34092063903809,74.0927721003618,0.005917112522171308,0
2025-07-25,49.888004302978516,50.08402489856565,49.78999026633175,49.98601460077208,38620389,49.79979400634765,48.48538455963135,76.89924122110465,-0.0019607687513918393,1
2025-07-28,50.03501892089844,50.37806243520021,49.88800347664322,50.18203810400679,52312766,49.82919692993164,48.633792877197266,81.03969431046892,0.002946893145435947,0
2025-07-29,49.44694900512695,50.035018251992334,49.250924676554135,50.035018251992334,102624231,49.809593963623044,48.73917217254639,69.4269113145084,-0.011753166651164437,1
2025-07-30,49.98601531982422,50.08402561902767,49.64297553375888,49.789990982564056,82807206,49.86840057373047,48.87101821899414,69.38967575427968,0.010901912565755456,1
2025-07-31,50.52507781982422,50.57408296785145,50.08402400987284,50.08402400987284,81565859,49.97621307373047,48.997212982177736,71.34958682691978,0.010784266290299938,0
2025-08-01,50.08402633666992,50.18204037613105,49.642976245081435,49.78999169599316,98235777,50.01541748046875,49.12374019622803,69.2457083847718,-0.008729357819637906,0
2025-08-04,49.78998947143555,49.78998947143555,49.397944547667066,49.64297402709229,85556033,49.96641159057617,49.24967803955078,61.20747605123435,-0.005870871148773604,1
2025-08-05,50.42707061767578,50.42707061767578,50.035021931697855,50.23104627468682,46655329,50.162435913085936,49.41817569732666,63.02943796566246,0.012795366157000831,0
2025-08-06,49.98601531982422,50.08402561902767,49.83899613216578,50.08402561902767,48326240,50.162435913085936,49.540289115905765,55.91492593465091,-0.008746399353544154,1
2025-08-07,51.40718460083008,51.55420004251268,50.62309102863029,50.62309102863029,125733157,50.33885726928711,49.70620975494385,60.897424302434736,0.028431337683406666,0
2025-08-08,51.40718460083008,51.55420004251268,51.2601654202944,51.50519489528515,59604000,50.60348892211914,49.86191120147705,62.80990300031266,0.0,1
2025-08-11,51.799232482910156,52.04426197192838,51.015138865822514,51.30917350487372,71600855,51.00533752441406,50.05132694244385,68.8524422807594,0.007626324707806553,1
2025-08-12,51.848243713378906,51.94625401787125,51.505200169948814,51.79923482227928,57519835,51.289572143554686,50.210589218139646,68.33334090126252,0.0009461767697991341,1
2025-08-13,52.28929138183594,52.33830027064806,51.8972464433119,52.09327078200056,75956144,51.75022735595703,50.37243881225586,69.10568231008548,0.008506511250316873,0
2025-08-14,52.09326934814453,52.240284793974496,51.8972450148514,52.142274496754524,57038858,51.88744430541992,50.50988826751709,68.0,-0.0037487988173330322,0
2025-08-15,52.09326934814453,52.240284793974496,51.75022583016826,52.09326934814453,52736409,52.024661254882815,50.61084041595459,67.21313148972172,0.0,1
2025-08-18,52.24028396606445,52.2892891138978,51.75022501002472,51.89724419237789,46297216,52.11287155151367,50.728454399108884,75.22122857461703,0.002822142279790718,0
2025-08-19,52.142276763916016,52.24028706539751,51.99525757284044,52.24028706539751,29425841,52.171678161621095,50.85832004547119,71.15389077463708,-0.0018760847895104016,0
2025-08-20,50.672096252441406,51.55420012042944,50.47607192438193,51.50519497312784,223798736,51.84823913574219,50.907325744628906,51.21951836935141,-0.02819555651800798,1
2025-08-21,50.96613311767578,51.064143416591556,50.72110363153311,50.72110363153311,73508730,51.62281188964844,50.95633163452148,57.500001621699106,0.005802737344228426,0
2025-08-22,50.72110366821289,51.06414345351941,50.62309336922624,51.01513830402609,44549133,51.34837875366211,50.9979866027832,57.983209768005935,-0.0048076915880029825,1
2025-08-25,51.652217864990234,51.89724735795617,51.30917433152591,51.407188372024294,62750061,51.23076553344727,51.078846549987794,60.0,0.018357530286961632,1
2025-08-26,51.70122146606445,51.79923176477162,51.260167644175716,51.505197129796876,40863870,51.142554473876956,51.19156017303467,64.95727689878787,0.0009487221091319942,1
2025-08-27,51.946250915527344,52.093270102339,51.8482406168884,51.946250915527344,90133682,51.39738540649414,51.28957195281983,55.913999194799175,0.00473933579352126,0
2025-08-28,51.45619201660156,51.8482406894122,51.45619201660156,51.750226651782924,59176066,51.4953971862793,51.33612766265869,50.48545230158124,-0.009433960878576064,0
2025-08-29,51.45619201660156,51.897245838800224,51.45619201660156,51.750226651782924,36369305,51.64241485595703,51.40473594665527,46.3157946487538,0.0,0
2025-09-01,50.96613311767578,51.40718694050324,50.72110363153311,51.113152304902684,76529981,51.50519790649414,51.46354312896729,41.346093392133795,-0.009523808111717047,0
2025-09-02,50.96613311767578,51.45619208996113,50.9171279682179,51.26016775327634,33217612,51.35818023681641,51.49049625396729,35.78947023416413,0.0,0
2025-09-03,50.91712951660156,51.16215901019555,50.7211051739557,50.868124365653436,39472404,51.15235595703125,51.53705196380615,36.9565254178491,-0.000961493408987435,1
2025-09-04,51.26016616821289,51.65221482945956,51.21116102027034,51.50519564677877,37461241,51.11315078735352,51.52970104217529,41.414093760786784,0.006737156137198941,1
2025-09-05,51.799232482910156,51.84824137179643,51.60321188277821,51.6522170328112,37395300,51.181758880615234,51.549303436279295,45.79440340175398,0.010516281061756505,1
2025-09-08,52.28929138183594,52.485315720524596,52.19128108191825,52.33830027064806,59980892,51.446390533447264,51.57380638122559,51.30432075074508,0.009460736683453153,1
2025-09-09,52.8283576965332,52.877362845052915,52.43630903066918,52.48531417918889,56315324,51.81883544921875,51.6228120803833,72.91670214137503,0.01030930617821535,1
2025-09-10,53.857479095458984,53.90648424245424,53.318415000805054,53.318415000805054,73272121,52.40690536499024,51.70122146606445,76.5765923710931,0.019480473060273118,1
2025-09-11,54.347537994384766,54.788591794652696,54.15151366772646,54.4455482882874,84750243,53.02437973022461,51.813934898376466,81.89657254979855,0.009099180042518862,1
2025-09-12,54.88660430908203,54.88660430908203,54.592569676625445,54.641574825559346,57457218,53.64185409545898,51.95360164642334,80.55557357446965,0.009918872769415277,0
2025-09-15,54.88660430908203,54.935609458015925,54.69057997449324,54.88660430908203,52544684,54.1613166809082,52.08591766357422,80.37385829177533,0.0,1
2025-09-16,55.6216926574707,55.71970295515845,55.033623393637846,55.033623393637846,63314427,54.719983673095705,52.25988845825195,82.05130764025971,0.013392855281211702,0
2025-09-17,55.22964096069336,55.474670430330605,55.13163066837966,55.474670430330605,66204045,54.994416046142575,52.48776569366455,83.4782202565524,-0.007048539482458316,1
2025-09-18,55.817718505859375,55.817718505859375,55.13163518687428,55.37666467659372,44089588,55.2884521484375,52.73034496307373,85.03934980876728,0.010647861093005195,1
2025-09-19,55.866722106933594,55.964732404562376,55.47467343871208,55.866722106933594,71674519,55.484475708007814,52.98762588500976,92.37284781318029,0.0008779219643144653,1
2025-09-22,56.25877380371094,56.25877380371094,55.6216956182687,55.86672511438443,56355369,55.75890960693359,53.2179536819458,92.85711638044474,0.007017624839827263,1
2025-09-23,57.28789520263672,57.43491065253656,56.69982218647754,56.69982218647754,89181458,56.092150115966795,53.497287368774415,94.52049097731613,0.01829263827392369,0
2025-09-24,57.238887786865234,57.77795189286564,56.94484942099853,57.53292241387881,90579906,56.49399948120117,53.76191921234131,93.57135390719522,-0.0008554584803323051,0
2025-09-25,57.04286575317383,57.23889009202834,56.846841414319314,57.18988120317475,56318217,56.73902893066406,54.04125289916992,90.2255119831956,-0.0034246303740441686,0
2025-09-26,56.111751556396484,56.748829707163225,55.71970288840877,56.748829707163225,158564436,56.78803482055664,54.27403087615967,77.46473700280832,-0.01632306134138317,1
2025-09-30,56.650814056396484,56.74882809002696,56.405784580599914,56.405784580599914,62389962,56.86644287109375,54.558264923095706,77.4647246494392,0.0096069448029652,1
2025-10-01,56.94485092163086,57.5819290793264,56.74883032435829,56.74883032435829,74531798,56.79783401489258,54.85720081329346,74.80309796619353,0.005190337864194872,1
2025-10-02,58.02298355102539,58.07198870089262,57.67994002424824,57.8269592127032,72057003,56.95465316772461,55.21249351501465,76.9783757690339,0.018932925663082134,1
2025-10-03,58.856082916259766,58.90508806662734,57.87596495349489,58.02298414345095,73601535,57.3172966003418,55.59228935241699,77.93098524179968,0.01435809250487341,1
2025-10-07,60.4732780456543,60.4732780456543,59.68918443624007,59.78719473534688,132381054,58.18960189819336,56.0259916305542,82.02242621350689,0.02747711110329032,0
2025-10-08,59.9342155456543,59.9342155456543,59.39514766941115,59.7871963541601,112448112,58.846282196044925,56.408237838745116,75.2873424381026,-0.00891406117579796,1
2025-10-09,60.37526321411133,60.71830673418264,60.27725291629278,60.62029269751089,72911291,59.53236465454101,56.785583114624025,80.0000088961798,0.00735886278716813,0
2025-10-13,59.78719711303711,59.78719711303711,58.41503043785227,58.70906882457288,261787970,59.88520736694336,57.08206901550293,73.14288662737812,-0.009740182812764453,0
2025-10-14,59.49315643310547,60.91432811569874,59.444151286571845,60.62028975879094,157148588,60.0126220703125,57.33934993743897,70.55554690648802,-0.004918121171924361,1
2025-10-15,60.571285247802734,60.571285247802734,59.395143024389924,59.78719167847855,97216134,60.032223510742185,57.623583984375,72.68038899961039,0.018121896354743372,1
2025-10-16,61.747432708740234,61.747432708740234,60.865325031645455,60.865325031645455,112923095,60.394866943359375,57.96662540435791,73.09644730223596,0.01941757478194117,0
2025-10-17,60.81631851196289,61.061348001325236,60.66930306165746,60.81631851196289,157583768,60.48307800292969,58.22635669708252,66.97674166008935,-0.015079399352024292,1
2025-10-20,61.84543991088867,61.94345394723772,60.914330868118476,61.110351463110185,102880277,60.8947265625,58.55714664459229,71.12067056500914,0.016921797045694964,1
2025-10-21,61.943450927734375,62.38450472267244,61.796431749804015,62.13947525202385,124931191,61.38478546142578,58.863433265686034,77.67441136357135,0.0015847735417020559,0
2025-10-22,61.45339584350586,61.6004112918105,61.012342020885434,61.35538180578285,116660310,61.5612075805664,59.14276695251465,72.89722141793965,-0.007911330041980302,0
2025-10-23,61.1103515625,61.15936045018082,60.52228229886205,60.86532207950865,161355781,61.43379135131836,59.3853458404541,69.76744186046511,-0.005582185919870697,1
2025-10-27,62.531524658203125,62.62953869682226,62.18848487016935,62.482519508320195,102297434,61.776832580566406,59.64752731323242,70.72071866743573,0.02325584879428555,0
2025-10-28,62.09046936035156,62.433512879110395,61.94345391418622,62.286493694091874,93730892,61.82583847045898,59.89010639190674,65.42054646979292,-0.007053327106005591,1
2025-10-29,63.11959457397461,63.16859598259813,62.43351129274276,62.43351129274276,65206490,62.06106719970703,60.193942832946775,63.366324805954804,0.01657460837750091,0
2025-10-30,63.11959457397461,63.51164323149369,62.727545916455526,63.31561516388106,91073965,62.39430694580078,60.544334983825685,67.01567672031894,0.0,1
2025-10-31,63.46263885498047,63.51164774479287,63.11959905941381,63.31561966324998,53629924,62.86476440429688,60.88492622375488,66.66666666666666,0.005434830234909427,0
2025-11-03,62.87456512451172,63.511643258538236,62.62953564817123,63.168596009496596,130638786,62.933372497558594,61.18141193389893,66.66661175207875,-0.009266455682887198,0
2025-11-04,62.67854309082031,63.56064699463496,62.5805290533832,63.21760721073813,83118781,63.050987243652344,61.41418991088867,67.37967246634292,-0.0031176682224873797,0
2025-11-05,61.89445114135742,61.89445114135742,61.06134862569478,61.698426800092484,210997899,62.8059585571289,61.566108322143556,57.45859133559661,-0.012509734764044378,1
2025-11-06,62.041465759277344,62.23749009790755,61.89445030944465,62.09047090922158,65559913,62.59033279418945,61.644517707824704,51.87498449249973,0.0023752471378115647,0
2025-11-07,61.30637741088867,61.502401749894055,61.1593619607746,61.40439144981801,102458588,62.159080505371094,61.71312580108643,53.205127565404396,-0.01184833948380326,1
2025-11-10,62.09046936035156,62.09046936035156,61.3553809129653,61.55140524670561,80256746,62.002261352539065,61.798886108398435,51.65562879767733,0.012789728941374756,0
2025-11-11,61.649417877197266,62.433511455425446,61.60040899073986,62.38450630782114,75382949,61.79643630981445,61.89199714660644,48.101280789924736,-0.007103368483085348,1
2025-11-12,61.943450927734375,62.04146122045261,61.50239713279631,61.698421457085786,59822193,61.806236267089844,62.01451187133789,53.24672698883984,0.004769437582084146,0
2025-11-13,61.649417877197266,61.69842302480157,61.35537951386523,61.55140384313555,74963633,61.72782669067383,62.06841850280762,53.594782880334,-0.004746798025188181,0
2025-11-14,60.4732780456543,60.66930238272117,60.17924340948062,60.424272896100895,204108022,61.56120681762695,62.00471076965332,35.81080263714995,-0.01907787408286299,1
2025-11-17,60.66930389404297,60.96333853754129,60.5712898536413,60.7673141955913,86927813,61.276973724365234,61.99736003875732,39.860168029168314,0.0032415284026885427,0
2025-11-18,59.248130798339844,60.08122955991986,59.101111610365365,60.08122955991986,240526230,60.79671630859375,61.86749458312988,23.84104833658533,-0.02342491184974138,0
2025-11-19,58.856082916259766,59.29713674727462,58.70906746515702,58.954096955848236,138705085,60.17924270629883,61.71312618255615,22.641495578201983,-0.006617050644424083,1
2025-11-20,60.66930389404297,60.71830904481713,60.130236018967146,60.32626036091714,81330710,59.983219909667966,61.67392158508301,34.920630344406064,0.030807707342043855,0
2025-11-21,58.660057067871094,58.95409544022391,58.31701728526377,58.90508655226296,299502200,59.620575714111325,61.55140686035156,30.275216581838336,-0.033118013512747124,0
2025-11-24,58.366024017333984,58.90508814984557,58.26801371646036,58.90508814984557,153617414,59.15991973876953,61.3431318283081,29.999989385231544,-0.005012491723233481,1
2025-11-25,59.150115966796875,59.54216463690212,58.9050864826944,59.493159487852274,61913501,59.140316772460935,61.19611415863037,37.27269800169908,0.01343404767866363,1
2025-11-26,60.13023376464844,60.27725295031243,59.78719398323672,59.88520428111058,73622900,59.39514694213867,61.04664611816406,41.772141504885305,0.01657000636147088,1
2025-11-27,60.66930389404297,60.86532449713962,60.42427440131881,60.5712898536413,52209933,59.39514694213867,60.92413158416748,47.21031491093821,0.0089650429683088,1
2025-11-28,61.1103515625,61.15936045018082,60.62029259651731,60.71830663302576,66700125,59.885205841064455,60.80651721954346,45.575221848551934,0.007269700493470532,0
2025-12-01,60.277252197265625,60.7183060098943,60.17924190061621,60.57128682606702,96548521,60.267451477050784,60.676651573181154,44.017091884681335,-0.0136327045080461,1
2025-12-02,60.4732780456543,60.96333701889485,60.424272896100895,60.57128834476111,41397425,60.532083892822264,60.566388320922854,43.53450343962397,0.0032520700802212144,1
2025-12-03,61.061344146728516,61.2573684736147,60.86531981984234,61.15935817959814,44855416,60.71830596923828,60.524732971191405,47.47897950346231,0.009724395965938104,0
2025-12-04,60.96333694458008,61.25737158039533,60.76731260775217,61.159361281407996,38785824,60.777112579345705,60.47082653045654,52.314814481131705,-0.0016050613283737913,1
2025-12-05,61.50239944458008,61.50239944458008,61.1103507812646,61.208364816520046,45051403,60.85552215576172,60.480627632141115,53.81163931330419,0.008842404747135824,1
2025-12-08,62.43351364135742,62.43351364135742,61.69842518499651,61.74743033431659,76124318,61.286774444580075,60.497779846191406,65.25822042337808,0.015139477568129278,0
2025-12-09,62.33549880981445,62.58052829214683,62.28649366111862,62.53152314345099,48271330,61.65921859741211,60.532083892822264,67.14974846253412,-0.0015699073434503052,1
2025-12-10,62.77655792236328,62.92356963324553,62.38450924536198,62.433514395273825,64151249,62.002261352539065,60.573739242553714,62.01117439907599,0.007075568832688672,0
2025-12-11,62.09046936035156,63.21760647521844,61.94345391418622,63.02158588033132,94638653,62.22768783569336,60.595791816711426,73.02630635576469,-0.010929056716684205,1
2025-12-12,62.18848419189453,62.53152397618686,62.04146500499597,62.286494490591416,57687594,62.36490478515625,60.68155212402344,76.35132611966871,0.001578580940886809,0
2025-12-15,61.55140686035156,61.60041201035808,61.1593619214462,61.257372221459214,105905436,62.18848342895508,60.725657272338864,66.89654061714874,-0.010244297474386821,0
2025-12-16,61.01234436035156,61.01234436035156,60.47328021819143,60.86532516755635,155552766,61.9238525390625,60.81386795043945,56.617672310175486,-0.008757923295287684,0
2025-12-17,60.66930389404297,61.20836803026545,60.62029500441546,60.914333386767126,89657544,61.502401733398436,60.90452899932861,50.0,-0.005622476400554688,0
2025-12-18,60.66930389404297,60.86532449713962,60.32626036091714,60.5712898536413,112535790,61.21816864013672,60.90452899932861,46.34151280840739,0.0,1
2025-12-19,61.25736999511719,61.50239947509766,61.11035081158765,61.159359698666265,79433169,61.03194580078125,61.03439464569092,58.47456956263606,0.009692975909221913,1
2025-12-22,62.13947677612305,62.188481923684115,61.79643326548936,62.04146274214781,91596850,61.149559783935544,61.22306728363037,62.87877000882205,0.014400010661185236,1
2025-12-23,62.43351364135742,62.531523939997584,62.23748930522386,62.23748930522386,100327038,61.43379364013672,61.3872371673584,61.11113170409854,0.004731885115379031,1
2025-12-24,62.580528259277344,62.7765563316641,62.48251796193715,62.67854229547073,62393202,61.81603851318359,61.509751892089845,62.992079170295696,0.0023547388148683623,1
2025-12-26,63.11959457397461,63.217604868927836,62.82555621140875,62.92356650636198,68362335,62.30609664916992,61.632266426086424,62.992101853361454,0.00861396235685108,1
2025-12-29,63.95269775390625,64.0507080556889,63.315619575758944,63.36462846550363,83563905,62.84516220092773,61.77438373565674,62.39998156715317,0.013198804357896554,0
2025-12-30,63.85468673706055,64.00170592694151,63.4626380566135,63.60965724649447,58116367,63.18820419311523,61.95325546264648,62.400020425599756,-0.0015325548458151594,1
2025-12-31,64.29573822021484,64.54076771608281,63.60965862286723,63.805679228478894,69494353,63.56064910888672,62.14437847137451,62.39997359614304,0.0069071121587434,1
2026-01-02,65.618896484375,65.6679053749913,64.49176677726823,64.68778738431979,77878570,64.16832275390625,62.37225608825683,76.08699085642729,0.02057925300784791,1
2026-01-05,68.11819458007812,68.65726242035547,66.69702660510141,66.74602801385905,225924687,65.16804275512695,62.72999897003174,82.35295831682146,0.038088084829318136,1
2026-01-06,69.00030517578125,69.00030517578125,67.57912966165239,68.06918863665409,125256215,66.17756423950195,63.1048942565918,89.58336880804168,0.012949706038760889,0
2026-01-07,68.46123504638672,69.04930430138457,68.31421586321069,69.00030289213008,113869755,67.09887390136718,63.40628032684326,89.58329616938329,-0.007812576017181772,1
2026-01-08,68.70626831054688,68.95129780343592,68.02018872154022,68.26521821442927,71394567,67.9809799194336,63.724818801879884,93.15785118007781,0.003579153428858506,0
2026-01-09,68.46123504638672,68.85328370895405,67.53012601578232,68.41223363713223,106682469,68.54944763183593,64.00905265808106,90.769154002451,-0.0035663887762412694,1
2026-01-12,68.9512939453125,69.14732201527913,68.65726305692196,69.09831312836091,80365400,68.71606750488282,64.3520938873291,90.67350219690425,0.007158195416628654,1
2026-01-13,69.2943344116211,69.7843933748651,68.90229322319097,69.68638307775757,99445355,68.77487335205078,64.70738639831544,90.10981208980854,0.004975112817761973,1
2026-01-14,69.34334564208984,69.68638543241045,69.24533534167061,69.53936624292831,82266008,68.9512954711914,65.09698333740235,89.8304331898324,0.0007072905871008395,0
2026-01-15,69.2453384399414,69.2943398534902,68.75527943821174,69.2943398534902,89452635,69.05910949707031,65.50863304138184,88.63634152231351,-0.0014133613144986512,1
2026-01-16,70.56848907470703,70.66649936954734,69.78439176057226,70.32345959875319,97268614,69.48056030273438,66.00359230041504,89.58330039257278,0.019108154636477526,1
2026-01-19,71.15656280517578,71.35259088491469,70.02942564922364,70.27445514061729,116848644,69.92161407470704,66.52795524597168,89.3047792213847,0.008333375677721966,0
2026-01-20,71.15656280517578,71.20557169453717,70.42147433099481,70.47048322035621,104977401,70.29405975341797,67.02291488647461,90.27022796632028,0.0,0
2026-01-21,70.42147064208984,71.05854878188245,70.27445145941367,70.37246923300195,161269608,70.50968475341797,67.43701457977295,82.72244736936484,-0.010330630571611432,1
2026-01-22,71.36573028564453,71.61421819390478,71.16693540908683,71.4651239322988,96360058,70.93376312255859,67.88362541198731,81.9935456413541,0.0134086896360599,1
2026-01-23,71.81300354003906,71.86270415364316,71.36572835059792,71.6639092824757,68701320,71.182666015625,68.34524917602539,76.66109536613133,0.006267339416331952,0
2026-01-26,71.81300354003906,72.21058569912505,71.76330292643496,71.81300354003906,84082813,71.31395416259765,68.77991962432861,73.25657388412401,0.0,1
2026-01-27,72.60816955566406,72.70756320194697,71.91239886518542,71.96209947995145,70421120,71.60427551269531,69.2126932144165,82.89547104541059,0.011072730235849981,1
2026-01-28,73.75120544433594,73.75120544433594,73.05544235992194,73.10514297305818,87294077,72.27022247314453,69.70751914978027,85.02843593861905,0.015742524507460276,0
2026-01-29,73.3039321899414,74.04939590712725,73.05544428421278,73.95000226148562,111905919,72.65786285400391,70.15792884826661,82.70571237778034,-0.006064622967174582,0
2026-01-30,72.160888671875,72.75725814851873,71.8627077251778,72.70756511569385,159055585,72.7274398803711,70.4850284576416,69.91946756163989,-0.01559320876681769,0
2026-02-02,71.06754302978516,71.31603094247671,70.47117355597527,71.11724364562318,211262670,72.5783477783203,70.63249588012695,60.06734724286936,-0.015151499132188162,1
2026-02-03,72.5087661743164,72.60816740089855,71.96209734435911,72.55846678760747,70926930,72.55846710205078,70.80791893005372,65.51837378328482,0.020279625312601857,0
2026-02-04,72.45907592773438,72.70756383723742,71.86270646157693,71.96210010872831,56597222,72.30004119873047,71.0078109741211,65.83024105142346,-0.0006852998499874419,0
2026-02-05,71.56451416015625,71.81300205654568,71.31602626376682,71.61421477273365,95746290,71.95215759277343,71.15072326660156,55.12251164769005,-0.012345751807134486,0
2026-02-06,71.46512603759766,71.81300760276046,70.3717807256934,70.96815020643669,102980565,71.81300506591796,71.30091781616211,51.670916533496836,-0.0013887905720448845,1
2026-02-09,73.50271606445312,73.70151092974449,73.30392878241048,73.60211728872316,118533745,72.30003967285157,71.52848892211914,60.40797262582878,0.028511669115135918,1
2026-02-10,75.04335021972656,75.04335021972656,74.1487922103912,74.19849282661792,98559015,72.8069564819336,71.81593971252441,69.13586486481364,0.020960234366339314,1
2026-02-11,76.73306274414062,76.98155065145099,75.44093017607621,75.44093017607621,114028587,73.66175384521485,72.18542556762695,70.93027061216937,0.022516485730802227,1
2026-02-23,76.93185424804688,77.9754988630584,76.7330593809622,77.9754988630584,212974781,74.73522186279297,72.56975135803222,70.35578279009823,0.002590689030217641,1
2026-02-24,78.91976165771484,79.1682495674789,77.379133583878,77.47852723113378,143721014,76.22614898681641,72.98731498718261,74.40279117483249,0.025839847864039145,1
2026-02-25,80.6094741821289,81.3052448601812,79.76461682893948,79.86401047344724,158561421,77.64750061035156,73.45996055603027,75.88428881494414,0.0214105122585464,1
2026-02-26,80.65917205810547,81.0070535936986,80.31129052251234,80.7585656992394,123812672,78.77066497802734,73.93509101867676,74.04850172453999,0.0006165264874979925,0
2026-03-02,79.864013671875,80.31129646494638,78.6712747235166,79.01915628485037,204278933,79.39685516357422,74.40721817016602,72.29734110114002,-0.00985825128055684,0
2026-03-03,78.27368927001953,79.91371094280306,78.17429562569153,79.56582939603055,288356288,79.66522216796875,74.75261611938477,70.16396083060066,-0.019912903556154715,0
2026-03-04,75.14273834228516,76.98154725869135,75.04334470039134,76.93185422936884,455564304,78.90981750488281,74.91910285949707,61.84970636623558,-0.04000004288712622,1
2026-03-05,76.93185424804688,78.37308101397896,76.23608358812372,77.8264121918059,194777972,78.1742935180664,75.17504539489747,62.606249296020266,0.023809564905820313,0
2026-03-06,76.38517761230469,76.83246037445993,75.83850879177997,76.33548458311995,139697065,77.31949462890626,75.3638957977295,60.881522544498615,-0.007105985434584405,0
2026-03-09,73.15483856201172,73.15483856201172,71.21663591387944,72.70756336113477,493890200,75.9776596069336,75.33407745361328,53.902445143131665,-0.04229012946318789,1
2026-03-10,74.74515533447266,75.78880752051363,73.85060498443605,75.44092598624954,164247105,75.27195281982422,75.40613861083985,57.49997732143069,0.02173905108290075,1
2026-03-11,77.72701263427734,78.0252011496776,75.63971577622239,75.8385106475722,147508364,75.78880767822265,75.68444480895997,59.25926173672844,0.03989365312656523,0
2026-03-12,76.1366958618164,77.13064752472066,75.88820794609033,76.63367169326854,120680192,75.62977600097656,75.93790245056152,52.39130282426935,-0.020460284250775507,0
2026-03-13,75.4906234741211,76.08700052037088,74.54637245630752,74.69546671786998,105970280,75.45086517333985,76.08699531555176,47.15262014757859,-0.008485689855360912,0
2026-03-16,75.14273834228516,76.2360835696146,74.99364408782004,75.83850900203939,97649824,75.84844512939453,76.2211784362793,45.927595130681716,-0.004608322409142551,1
2026-03-17,76.18639373779297,76.53427529064608,75.83851218493986,75.98759886241325,61503521,76.13669281005859,76.45227241516113,43.498816508347595,0.013888972088744289,1
2026-03-18,77.32943725585938,77.57792515503212,76.98154813041842,77.27973664272527,72305179,76.057177734375,76.74548797607422,41.99030238624792,0.015003250081640163,0
2026-03-19,75.54032135009766,76.33548566076665,75.49062073696251,76.13669079147496,128778782,75.93790283203126,76.84736824035645,38.47875258178781,-0.02313628508432153,0
2026-03-20,75.44092559814453,75.9379013826076,75.04334345392434,75.73910651887319,67265037,75.92796325683594,76.86724700927735,39.722862267496346,-0.0013157973142908785,0
2026-03-23,73.80091094970703,73.99969824893175,72.85665990351558,73.0554472027403,210502502,75.65959777832032,76.72063941955567,39.63134846801979,-0.021739057884489155,1
2026-03-24,73.95000457763672,75.14274352919162,73.35363510185927,75.04334988043692,83942753,75.21231994628906,76.57154693603516,46.79146645913222,0.002020213924341485,1
2026-03-25,75.7391128540039,76.18639564738245,75.54032555689076,75.88820711846343,91456088,74.89425506591797,76.4125144958496,46.79144461853009,0.024193484322085235,0
2026-03-26,75.34153747558594,76.38518214944116,75.14274259729265,75.83851329644534,76157584,74.85449829101563,76.14911766052246,47.169833962157966,-0.005249274297473572,0
2026-03-27,74.54637145996094,74.64576510525774,73.65181348579159,73.99969503595494,106078935,74.6755874633789,75.84347763061524,54.34782919625554,-0.010554151697298009,0
2026-03-30,73.4530258178711,73.60212007667492,72.35968055872463,72.85665636590475,158608942,74.60601043701172,75.52292823791504,45.833357935322354,-0.014666651383254514,0
2026-03-31,71.91239929199219,73.00574457409158,71.71361199824655,72.90635092721875,231400782,74.19848937988282,75.20486373901367,29.328634175793127,-0.020974309890227416,1
2026-04-01,74.99364471435547,75.14273897006619,74.14878737632655,74.54636953047218,126562159,74.04939575195313,75.1974090576172,46.325856969792085,0.04284720649984486,0
2026-04-02,73.50271606445312,75.59002044214446,73.35362939454551,75.44092618898813,105707506,73.68163146972657,75.0259521484375,43.93938054723491,-0.019880733301884,1
2026-04-07,74.84455871582031,74.9936453896246,74.19848865742235,74.6954644587671,76885542,73.74126892089843,74.94892120361328,49.14287418630836,0.018255687996489245,1
2026-04-08,78.72096252441406,78.77066313697982,77.6276172972067,77.6276172972067,227364928,74.79485626220703,75.2272274017334,56.265339861744636,0.0517927271548515,0
2026-04-09,78.67127227783203,78.91976018295263,78.323390727313,78.82036653755421,92049631,76.146630859375,75.42353324890136,53.50649733858134,-0.0006312200078425478,1
2026-04-10,80.2615966796875,80.31129729607065,79.46643231705339,79.51613293343654,115520077,77.20022125244141,75.55026245117188,62.467216559480406,0.020214804665153352,0
2026-04-13,80.11249542236328,80.5100775689833,79.91370814067761,80.11249542236328,87581345,78.52217712402344,75.74905242919922,62.30366365902942,-0.0018576911436145593,1
2026-04-14,82.59738159179688,82.69677524134248,81.25554836480772,81.25554836480772,123920345,80.07274169921875,76.10439033508301,72.18044447419867,0.031017460588800283,1
2026-04-15,83.64102935791016,84.58528035252736,83.29314781164324,83.5913287441939,122414906,81.05675506591797,76.52930488586426,73.38128542934159,0.012635361387980604,1
2026-04-16,84.48588562011719,84.5852792630205,83.64102828056579,84.23739772123449,76987129,82.219677734375,76.94427947998047,72.11054568906296,0.01010097877432603,0
2026-04-17,83.64102935791016,83.98891090417708,83.49193510001035,83.69072238837745,93304532,82.89556427001953,77.25985908508301,70.51595457574977,-0.009999969296715983,1
2026-04-20,84.03861236572266,84.58528120587178,83.93921113728732,84.03861236572266,95994589,83.6807876586914,77.68477363586426,73.9348405641862,0.004753444701298459,1
2026-04-21,85.4798355102539,85.57922915117423,84.48588393455329,84.9828597224036,71987659,84.25727844238281,78.18671913146973,79.8029469105385,0.01714953524291052,1
2026-04-22,85.82772064208984,86.07620854642899,85.03256389815401,85.2313511883257,64147874,84.69461669921876,78.78805961608887,86.64921455448285,0.004069791779070631,0
2026-04-23,85.82772064208984,88.26290665456285,84.63498173456158,87.119860777953,148310644,84.96298370361328,79.38194541931152,84.06250419771375,0.0,1
2026-04-24,89.40594482421875,89.40594482421875,87.02046701246284,87.0701600433125,125117290,86.115966796875,80.06528701782227,94.19890299373975,0.04169077490768358,1
2026-04-27,92.4375,93.67993951612902,92.13931148282943,92.13931148282943,183173507,87.79574432373047,80.92008514404297,94.69697557072456,0.033907758390581355,0
2026-04-28,91.44355010986328,93.08357181870088,91.34415646335022,91.99022654055887,114706934,88.98848724365234,81.76494407653809,87.86984170096184,-0.010752669534947579,0
2026-04-29,90.20111083984375,90.94657456579287,89.45564711389463,90.15141022481414,93857452,89.86316528320313,82.60234832763672,82.0441847200341,-0.013586953574383553,0
2026-04-30,89.95262145996094,91.3441552422897,89.75383416959212,90.69808517371752,82229228,90.68814544677734,83.50435943603516,79.10445435706895,-0.0027548372472265825,1
2026-05-04,94.02782440185547,94.07752501756454,91.84113380914343,91.94052745731229,120393477,91.61252136230469,84.45606842041016,83.81644034737724,0.04530388192976065,0
2026-05-05,94.02782440185547,94.1769186657334,93.43145492959303,93.82903710551774,76579608,91.93058624267579,85.48232383728028,81.59341667366067,0.0,1
2026-05-06,95.17086791992188,96.31391380323393,94.12721568227845,95.46905644017687,105507530,92.6760498046875,86.49863929748535,81.69399972903923,0.012156439068304659,1
2026-05-07,97.10906982421875,97.80484050518416,96.81088888944701,97.35755772815304,110289613,94.0576416015625,87.41804466247558,82.73196814453972,0.020365495730560124,0
2026-05-08,96.4133071899414,97.10907029100218,95.2702613096995,96.7611887404718,117639791,95.34977874755859,88.30514640808106,83.37663694428029,-0.00716475438943831,0
2026-05-11,96.31391143798828,96.56239933768214,95.91632928182834,96.06542353829443,88544547,95.80699615478515,89.10776214599609,82.58576063577704,-0.001030933953518498,0
2026-05-12,96.26421356201172,96.76118937553088,94.9223803821598,96.26421356201172,94676481,96.2542739868164,89.91534805297852,80.91169524142757,-0.0005159989375840279,0
2026-05-13,94.92237854003906,95.22056705566338,94.12721422054021,94.27630847835236,113598688,96.20457611083984,90.53159790039062,74.66308102979336,-0.013939084653803002,1
2026-05-14,95.46905517578125,96.6120934607058,95.17086665947546,96.31391252764898,53565899,95.87657318115234,91.12299919128418,75.39268257102245,0.005759196557760138,0
2026-05-15,94.82298278808594,97.65574329055141,94.62418792100577,97.05937385580849,90487261,95.55850830078126,91.63985404968261,66.87306619265118,-0.006767348713211163,0
2026-05-18,94.32601165771484,94.62419259820075,92.73569055870921,93.43145366975881,105172915,95.16092834472656,92.17410316467286,56.98530926511333,-0.005241040892815407,0
2026-05-19,92.53689575195312,94.12721685216435,92.53689575195312,93.77933529637582,116385289,94.41546478271485,92.59901733398438,53.819440187503226,-0.018967365144770154,0
2026-05-20,91.94052124023438,92.93447282120988,91.8908206278861,92.43749703072213,108931614,93.8190933227539,92.9220516204834,56.36361606395212,-0.006444721393262909,1
2026-05-21,95.270263671875,95.46905855085642,94.12721776329188,94.22661899440722,59494294,93.77933502197266,93.39417877197266,65.87536659429685,0.0362162666332968,1
2026-05-22,96.71149444580078,96.71149444580078,95.41935432271444,95.71754283827251,60917271,94.15703735351562,93.9383674621582,59.50703958883569,0.015127813426544012,1
2026-05-25,100.19032287597656,100.38911015982522,98.94788339380051,98.94788339380051,124114624,95.32989959716797,94.47758636474609,67.51411461601609,0.03597119918486413,0
2026-05-26,99.49455261230469,101.18427486474371,99.49455261230469,100.98547999685445,87695026,96.72143096923828,94.83043899536133,62.60867398383317,-0.006944485691828262,1
2026-05-27,101.92974090576172,103.27157406612629,101.38306448553034,101.78064664722143,90102044,98.71927490234376,95.35474853515625,63.66197195280003,0.024475594186006422,0
2026-05-28,99.89213562011719,103.61945411340514,99.49455346418335,103.37096621385261,140421329,99.64364929199219,95.83929977416992,59.16228388678864,-0.019990292014264832,1
2026-05-29,104.76250457763672,104.76250457763672,102.0788305944361,102.57580641540852,98892043,101.25385131835938,96.57979393005371,67.78241038411807,0.048756280234524274,1
2026-06-01,104.86189270019531,106.05463157438616,103.86794111062001,104.61340480280148,127067000,102.18816528320312,97.1214973449707,68.0584297563835,0.0009486993744498573,1
2026-06-02,105.06068420410156,105.65706124839662,103.56975675986219,105.65706124839662,107794552,103.3013916015625,97.673140335083,72.36839181650771,0.0018957459071866634,1
2026-06-03,106.9491958618164,107.1976837739411,106.45222003756703,106.65101491721634,75111550,104.30528259277344,98.26205673217774,73.91301445817827,0.017975436501498798,0
2026-06-04,105.45826721191406,106.35282520222749,105.40857417999338,106.1043372928765,108491104,105.41850891113282,98.6795166015625,71.39998231492694,-0.013940531650454835,0
2026-06-05,103.52006530761719,104.71280424790521,102.17823210398086,104.3649226889253,164564140,105.1700210571289,99.03485450744628,67.48580700074785,-0.018378852180475747,0
2026-06-08,100.33941650390625,100.6873056496342,97.45696277201242,97.45696277201242,320685641,104.2655258178711,99.23612976074219,64.09334450483425,-0.030724949740510876,1
2026-06-09,102.87399291992188,102.97338656551354,100.73699541508044,101.48245913189147,89392847,103.82818756103515,99.56661872863769,68.45636788686365,0.02526002745807232,0
2026-06-10,99.64364624023438,102.32731248223295,99.59394562776268,101.9794309446774,166445287,102.36707763671875,99.80268211364746,57.4073940065583,-0.03140100416051739,0
2026-06-11,99.2460708618164,99.94184156764906,97.0096796464779,99.39516512615549,248828975,101.12463836669922,99.99153289794921,54.4502588344226,-0.003989972200128422,1
2026-06-12,101.33336639404297,103.12248237456399,100.93579180570424,102.62550655589139,73401960,100.68729858398437,100.31705207824707,52.11008895214826,0.021031518065161237,1
2026-06-15,104.61341094970703,104.86189886170159,103.66915991742744,104.46431668586045,95906242,101.54209747314454,100.83142204284668,58.62647367323444,0.03236885018612079,1
2026-06-16,105.25947570800781,105.4085699643054,104.21582349717355,105.4085699643054,67088029,102.01919403076172,101.46755104064941,55.971472769449306,0.006175735524113435,1
2026-06-17,105.35887145996094,105.35887145996094,103.86794403364074,104.36491984241414,75416209,103.16223907470703,102.13846855163574,60.53640162245081,0.0009442926756433323,1
2026-06-18,106.65100860595703,106.80009527780997,106.0049385560153,106.35282009575353,74587200,104.64322662353516,102.70750579833984,54.222214034678345,0.012264151353283514,1
2026-06-22,110.47772216796875,110.52741519815943,108.78799989325788,108.78799989325788,110460961,106.47209777832032,103.39581718444825,60.76190921770966,0.03588070672777466,0
2026-06-23,109.43407440185547,111.62077256688868,109.384381369644,111.32258404062303,120564830,107.43623046875,103.85800476074219,58.11808698149618,-0.009446680702979493,0
2026-06-24,106.50191497802734,107.4461659604843,105.5079633824942,107.34677231758076,208531754,107.68471832275391,104.20837287902832,49.20070568474325,-0.026793843141221907,1
2026-06-25,106.5516128540039,107.39647781523207,105.70675547602494,107.3467771998954,89454929,107.9232666015625,104.43946647644043,52.05992315553888,0.0004666383321541012,0
2026-06-26,102.47640991210938,105.20977685128578,102.17822897778498,104.7625016581747,251693794,107.08834686279297,104.56868019104004,48.18023198270825,-0.038246281147131356,1
2026-06-29,103.81824493408203,104.71280291957478,102.67520662382651,102.7248996554794,101519378,105.75645141601562,104.5214672088623,56.48147753301385,0.013094086952533779,1
2026-06-30,107.14798736572266,107.59526256015579,106.10433513437997,106.20372877944854,103816325,105.29923400878906,104.63577194213867,57.73381637616818,0.03207280602513363,1
2026-07-01,108.68860626220703,109.2849757073068,107.94314256002008,109.13588903346854,72216950,105.736572265625,104.81716804504394,67.43295492409905,0.014378421231804106,0
2026-07-02,108.14193725585938,108.29102392945678,106.25342769672004,106.55160862716377,67727796,106.0546371459961,104.87680511474609,67.0476213869173,-0.0050296808943233184,0
2026-07-03,107.69465637207031,108.14193915044544,105.45826522994184,105.50796584417765,76733905,107.09828643798828,104.9886245727539,63.00812919342413,-0.0041360539226407145,0
2026-07-06,107.59526062011719,108.93709376247118,107.0485842072235,108.39042493282639,70136815,107.85368957519532,105.1923843383789,57.0093347321981,-0.0009229404252865114,0
2026-07-07,105.55765533447266,108.39042341941587,105.20977379623805,107.8934476267239,111060971,107.5356231689453,105.45329627990722,50.65788166916747,-0.018937686231725648,0
2026-07-08,105.4085693359375,105.95523816143799,104.4146177442106,105.75645087639215,86877553,106.8796157836914,105.58002510070801,50.1094098519255,-0.0014123655746497432,0
2026-07-09,105.16008758544922,106.35282653194704,104.81219844140885,105.70675644290687,51733962,106.28324584960937,105.85584716796875,46.55964643324181,-0.002357320207016289,0
2026-07-10,105.16008758544922,105.16008758544922,105.16008758544922,105.16008758544922,0,105.77633209228516,106.15154800415038,35.09750435212834,0.0,1
2026-07-13,105.35887145996094,106.89949950045809,105.06068294139727,106.35282307750774,65558453,105.32905426025391,106.35282325744629,38.01168251882037,0.0018902977267891696,0
2026-07-14,103.76854705810547,104.86189228566646,101.63154963231653,104.86189228566646,225466504,104.97123260498047,106.31058006286621,41.26983043974938,-0.01509435683790361,1
2026-07-15,105.65705871582031,105.80614539007138,104.01703704981813,104.6631071101522,106147811,105.02093048095703,106.33045921325683,47.44318689806373,0.01819926857660792,1
2026-07-16,105.75645446777344,106.10433602004179,103.91764547728435,104.71280222771928,68042614,105.14020385742188,106.35033836364747,62.132378671133694,0.0009407393425597821,0
2026-07-17,99.54425811767578,102.42671938612767,99.39516385524307,102.27762512369496,443467989,104.01703796386718,105.9950008392334,38.37838420953927,-0.05874058828239803,0
2026-07-20,98.5999984741211,99.99153227010952,97.70544807543129,99.59395010222009,335645366,102.66526336669922,105.40111465454102,23.291890227099586,-0.009485827323545193,1
2026-07-21,102.5,102.5,99.8499984741211,100.0,91004977,102.41155395507812,105.05441093444824,33.148325350899526,0.039553768623054486,1
2026-07-22,103.8499984741211,104.80000305175781,103.30000305175781,104.5,103568792,102.05014190673828,104.92181510925293,38.80285202805532,0.013170716820693595,1
2026-07-23,103.9000015258789,104.80000305175781,102.9000015258789,104.25,51221177,101.67885131835938,104.78923454284669,39.89064885069503,0.0004814930427781139,0
2026-07-24,101.69999694824219,103.05000305175781,101.30000305175781,102.55000305175781,94377095,102.10999908447266,104.75041389465332,35.8753129460212,-0.02117424971441173,0
2026-07-27,101.44999694824219,101.5999984741211,100.05000305175781,101.30000305175781,100975462,102.67999877929688,104.63200149536132,39.23628673593788,-0.002458210496576796,0
2026-07-28,97.1500015258789,98.3499984741211,96.9000015258789,98.3499984741211,403103877,101.60999908447266,104.13210220336914,32.22584521350818,-0.042385367685689124,0
2026-07-29,93.69999694824219,97.0,91.80000305175781,96.94999694824219,481594751,99.57999877929687,103.3826717376709,28.32277298193287,-0.035512141260416796,0
2026-07-30,93.5,96.0,92.0,93.4000015258789,277813661,97.4999984741211,102.65057487487793,28.110090712918705,-0.0021344392183135774,1
2026-07-31,102.8499984741211,102.8499984741211,99.80000305175781,100.0,335230300,97.72999877929688,102.40834197998046,46.494488389084786,0.0999999836804395,0
2026-08-03,102.0,102.69999694824219,101.0,102.0,162020882,97.83999938964844,102.1285789489746,47.47670265721964,-0.008264448096564347,1
2026-08-05,103.80000305175781,104.75,102.9000015258789,103.75,168559261,99.16999969482421,102.04069633483887,47.34371310076054,0.017647088742723582,0
